FullName,Email,City,Country,SignupDate,IsActive
Hassan Malik,hassan.malik1@example.com,Karachi,Pakistan,2026-03-05,True
Ayesha Raza,ayesha.raza2@example.com,Karachi,Pakistan,2025-12-29,True
Zainab Butt,zainab.butt3@example.com,Faisalabad,Pakistan,2025-03-21,False
Usman Raza,usman.raza4@example.com,Faisalabad,Pakistan,2026-05-22,True
Usman Raza,usman.raza5@example.com,Lahore,Pakistan,2026-03-26,True
Hassan Raza,hassan.raza6@example.com,Karachi,Pakistan,2025-10-16,True
Usman Khan,usman.khan7@example.com,Multan,Pakistan,2024-08-02,True
Ahmed Khan,ahmed.khan8@example.com,Lahore,Pakistan,2024-12-02,False
Sara Chaudhry,sara.chaudhry9@example.com,Islamabad,Pakistan,2026-03-30,False
Hassan Raza,hassan.raza10@example.com,Lahore,Pakistan,2024-09-13,True
Sara Khan,sara.khan11@example.com,Islamabad,Pakistan,2026-06-13,True
Ali Iqbal,ali.iqbal12@example.com,Lahore,Pakistan,2025-06-07,True
Bilal Khan,bilal.khan13@example.com,Quetta,Pakistan,2026-08-17,False
Hassan Khan,hassan.khan14@example.com,Rawalpindi,Pakistan,2025-05-16,True
Hassan Khan,hassan.khan15@example.com,Islamabad,Pakistan,2025-06-10,True
Zainab Iqbal,zainab.iqbal16@example.com,Islamabad,Pakistan,2025-01-11,True
Ali Farooq,ali.farooq17@example.com,Rawalpindi,Pakistan,2024-09-09,False
Ahmed Iqbal,ahmed.iqbal18@example.com,Islamabad,Pakistan,2026-03-25,False
Sara Raza,sara.raza19@example.com,Multan,Pakistan,2024-07-15,True
Ayesha Shah,ayesha.shah20@example.com,Multan,Pakistan,2024-11-08,False
Fatima Aslam,fatima.aslam21@example.com,Lahore,Pakistan,2025-11-28,False
Sara Raza,sara.raza22@example.com,Faisalabad,Pakistan,2023-12-01,False
Ahmed Butt,ahmed.butt23@example.com,Islamabad,Pakistan,2024-05-17,False
Ali Farooq,ali.farooq24@example.com,Rawalpindi,Pakistan,2024-02-06,True
Sara Raza,sara.raza25@example.com,Peshawar,Pakistan,2026-02-09,True
Ahmed Khan,ahmed.khan26@example.com,Karachi,Pakistan,2023-12-07,True
Ahmed Farooq,ahmed.farooq27@example.com,Karachi,Pakistan,2025-02-07,True
Ayesha Malik,ayesha.malik28@example.com,Multan,Pakistan,2024-03-23,True
Fatima Aslam,fatima.aslam29@example.com,Faisalabad,Pakistan,2024-01-16,True
Ahmed Malik,ahmed.malik30@example.com,Lahore,Pakistan,2024-01-23,True
Bilal Raza,bilal.raza31@example.com,Faisalabad,Pakistan,2024-02-22,True
Usman Malik,usman.malik32@example.com,Islamabad,Pakistan,2024-12-13,True
Usman Chaudhry,usman.chaudhry33@example.com,Islamabad,Pakistan,2025-03-13,True
Sara Farooq,sara.farooq34@example.com,Peshawar,Pakistan,2025-11-16,True
Usman Sheikh,usman.sheikh35@example.com,Lahore,Pakistan,2024-06-06,True
Ayesha Aslam,ayesha.aslam36@example.com,Rawalpindi,Pakistan,2024-03-13,True
Ahmed Raza,ahmed.raza37@example.com,Karachi,Pakistan,2025-04-07,True
Ahmed Farooq,ahmed.farooq38@example.com,Islamabad,Pakistan,2024-08-30,True
Zainab Chaudhry,zainab.chaudhry39@example.com,Multan,Pakistan,2024-01-29,False
Ali Shah,ali.shah40@example.com,Islamabad,Pakistan,2025-11-02,True
Usman Iqbal,usman.iqbal41@example.com,Islamabad,Pakistan,2024-07-18,True
Hira Butt,hira.butt42@example.com,Quetta,Pakistan,2026-02-18,True
Zainab Sheikh,zainab.sheikh43@example.com,Faisalabad,Pakistan,2026-06-03,True
Usman Butt,usman.butt44@example.com,Rawalpindi,Pakistan,2024-03-13,False
Sara Raza,sara.raza45@example.com,Lahore,Pakistan,2025-07-06,True
Hassan Aslam,hassan.aslam46@example.com,Islamabad,Pakistan,2024-07-29,False
Fatima Sheikh,fatima.sheikh47@example.com,Lahore,Pakistan,2025-03-17,True
Fatima Shah,fatima.shah48@example.com,Multan,Pakistan,2024-12-23,True
Hassan Khan,hassan.khan49@example.com,Karachi,Pakistan,2025-11-03,True
Fatima Khan,fatima.khan50@example.com,Multan,Pakistan,2026-03-18,False
Hassan Malik,hassan.malik51@example.com,Rawalpindi,Pakistan,2024-11-03,False
Hassan Sheikh,hassan.sheikh52@example.com,Quetta,Pakistan,2024-12-13,True
Bilal Malik,bilal.malik53@example.com,Quetta,Pakistan,2025-03-01,True
Bilal Sheikh,bilal.sheikh54@example.com,Rawalpindi,Pakistan,2026-01-07,True
Zainab Farooq,zainab.farooq55@example.com,Peshawar,Pakistan,2025-01-08,True
Bilal Aslam,bilal.aslam56@example.com,Multan,Pakistan,2026-07-10,True
Bilal Malik,bilal.malik57@example.com,Multan,Pakistan,2026-08-19,True
Bilal Butt,bilal.butt58@example.com,Faisalabad,Pakistan,2025-07-02,False
Ahmed Chaudhry,ahmed.chaudhry59@example.com,Faisalabad,Pakistan,2024-01-24,True
Sara Aslam,sara.aslam60@example.com,Rawalpindi,Pakistan,2024-11-19,True
Zainab Butt,zainab.butt61@example.com,Lahore,Pakistan,2024-02-28,True
Hira Raza,hira.raza62@example.com,Karachi,Pakistan,2026-04-08,True
Ahmed Khan,ahmed.khan63@example.com,Peshawar,Pakistan,2025-12-28,True
Usman Farooq,usman.farooq64@example.com,Faisalabad,Pakistan,2026-04-14,True
Sara Raza,sara.raza65@example.com,Lahore,Pakistan,2024-11-07,False
Zainab Chaudhry,zainab.chaudhry66@example.com,Multan,Pakistan,2024-03-02,True
Usman Butt,usman.butt67@example.com,Faisalabad,Pakistan,2024-06-16,True
Hira Farooq,hira.farooq68@example.com,Peshawar,Pakistan,2024-06-14,True
Usman Malik,usman.malik69@example.com,Peshawar,Pakistan,2024-06-05,True
Bilal Aslam,bilal.aslam70@example.com,Karachi,Pakistan,2024-05-22,True
Zainab Aslam,zainab.aslam71@example.com,Rawalpindi,Pakistan,2024-04-26,True
Usman Butt,usman.butt72@example.com,Lahore,Pakistan,2026-04-11,True
Zainab Aslam,zainab.aslam73@example.com,Lahore,Pakistan,2024-11-02,True
Ahmed Malik,ahmed.malik74@example.com,Peshawar,Pakistan,2026-03-20,True
Fatima Raza,fatima.raza75@example.com,Rawalpindi,Pakistan,2025-11-17,True
Bilal Sheikh,bilal.sheikh76@example.com,Multan,Pakistan,2025-11-10,True
Hira Farooq,hira.farooq77@example.com,Rawalpindi,Pakistan,2025-12-24,True
Usman Farooq,usman.farooq78@example.com,Lahore,Pakistan,2025-05-24,True
Ayesha Farooq,ayesha.farooq79@example.com,Islamabad,Pakistan,2026-04-01,True
Hassan Iqbal,hassan.iqbal80@example.com,Quetta,Pakistan,2024-10-12,True
Fatima Malik,fatima.malik81@example.com,Lahore,Pakistan,2025-04-13,True
Fatima Iqbal,fatima.iqbal82@example.com,Peshawar,Pakistan,2024-12-01,True
Fatima Farooq,fatima.farooq83@example.com,Rawalpindi,Pakistan,2025-11-09,True
Bilal Raza,bilal.raza84@example.com,Lahore,Pakistan,2024-02-06,True
Ayesha Sheikh,ayesha.sheikh85@example.com,Faisalabad,Pakistan,2025-06-16,True
Ahmed Iqbal,ahmed.iqbal86@example.com,Karachi,Pakistan,2024-01-15,False
Sara Chaudhry,sara.chaudhry87@example.com,Faisalabad,Pakistan,2025-04-30,True
Ahmed Sheikh,ahmed.sheikh88@example.com,Islamabad,Pakistan,2025-03-14,True
Hassan Shah,hassan.shah89@example.com,Karachi,Pakistan,2026-07-07,False
Ahmed Shah,ahmed.shah90@example.com,Karachi,Pakistan,2025-08-20,True
Ali Iqbal,ali.iqbal91@example.com,Lahore,Pakistan,2026-07-09,False
Zainab Sheikh,zainab.sheikh92@example.com,Quetta,Pakistan,2026-07-08,True
Hira Farooq,hira.farooq93@example.com,Lahore,Pakistan,2023-12-05,True
Ahmed Shah,ahmed.shah94@example.com,Lahore,Pakistan,2025-12-15,False
Hassan Sheikh,hassan.sheikh95@example.com,Faisalabad,Pakistan,2025-03-29,True
Usman Raza,usman.raza96@example.com,Islamabad,Pakistan,2025-04-01,False
Hira Shah,hira.shah97@example.com,Multan,Pakistan,2024-02-28,True
Bilal Farooq,bilal.farooq98@example.com,Karachi,Pakistan,2025-01-16,False
Ali Khan,ali.khan99@example.com,Karachi,Pakistan,2024-12-25,False
Usman Farooq,usman.farooq100@example.com,Karachi,Pakistan,2026-01-20,True
Ayesha Iqbal,ayesha.iqbal101@example.com,Karachi,Pakistan,2023-12-18,True
Sara Iqbal,sara.iqbal102@example.com,Islamabad,Pakistan,2026-02-24,True
Ayesha Khan,ayesha.khan103@example.com,Islamabad,Pakistan,2024-09-29,True
Hira Khan,hira.khan104@example.com,Lahore,Pakistan,2026-07-19,True
Bilal Aslam,bilal.aslam105@example.com,Rawalpindi,Pakistan,2024-10-15,True
Usman Khan,usman.khan106@example.com,Lahore,Pakistan,2025-08-02,True
Hassan Butt,hassan.butt107@example.com,Quetta,Pakistan,2025-07-12,False
Usman Khan,usman.khan108@example.com,Quetta,Pakistan,2026-01-25,True
Ayesha Raza,ayesha.raza109@example.com,Karachi,Pakistan,2024-01-03,False
Fatima Iqbal,fatima.iqbal110@example.com,Faisalabad,Pakistan,2024-11-04,False
Zainab Aslam,zainab.aslam111@example.com,Peshawar,Pakistan,2026-02-04,False
Hassan Raza,hassan.raza112@example.com,Peshawar,Pakistan,2025-03-04,True
Hassan Malik,hassan.malik113@example.com,Peshawar,Pakistan,2025-06-10,False
Zainab Aslam,zainab.aslam114@example.com,Quetta,Pakistan,2025-03-08,False
Bilal Khan,bilal.khan115@example.com,Lahore,Pakistan,2024-06-10,True
Hira Aslam,hira.aslam116@example.com,Peshawar,Pakistan,2025-12-21,True
Bilal Khan,bilal.khan117@example.com,Quetta,Pakistan,2024-02-14,True
Hira Chaudhry,hira.chaudhry118@example.com,Lahore,Pakistan,2026-04-23,True
Zainab Iqbal,zainab.iqbal119@example.com,Lahore,Pakistan,2026-05-02,True
Sara Malik,sara.malik120@example.com,Faisalabad,Pakistan,2025-10-14,False
Ali Chaudhry,ali.chaudhry121@example.com,Peshawar,Pakistan,2023-11-28,True
Ayesha Farooq,ayesha.farooq122@example.com,Rawalpindi,Pakistan,2025-05-23,True
Sara Farooq,sara.farooq123@example.com,Lahore,Pakistan,2025-06-28,True
Ali Sheikh,ali.sheikh124@example.com,Rawalpindi,Pakistan,2025-08-22,True
Usman Raza,usman.raza125@example.com,Rawalpindi,Pakistan,2025-01-29,False
Ali Chaudhry,ali.chaudhry126@example.com,Quetta,Pakistan,2024-08-05,True
Hira Shah,hira.shah127@example.com,Quetta,Pakistan,2026-05-02,True
Usman Butt,usman.butt128@example.com,Lahore,Pakistan,2026-01-19,True
Hassan Malik,hassan.malik129@example.com,Peshawar,Pakistan,2024-12-11,True
Ahmed Sheikh,ahmed.sheikh130@example.com,Islamabad,Pakistan,2024-04-23,True
Hassan Chaudhry,hassan.chaudhry131@example.com,Karachi,Pakistan,2026-04-08,True
Zainab Raza,zainab.raza132@example.com,Lahore,Pakistan,2026-03-14,False
Hira Raza,hira.raza133@example.com,Faisalabad,Pakistan,2025-06-01,True
Sara Malik,sara.malik134@example.com,Islamabad,Pakistan,2025-11-03,True
Fatima Butt,fatima.butt135@example.com,Karachi,Pakistan,2025-01-04,False
Usman Raza,usman.raza136@example.com,Faisalabad,Pakistan,2024-04-30,True
Ali Khan,ali.khan137@example.com,Karachi,Pakistan,2026-05-28,True
Ahmed Farooq,ahmed.farooq138@example.com,Rawalpindi,Pakistan,2024-09-24,False
Sara Iqbal,sara.iqbal139@example.com,Islamabad,Pakistan,2026-03-26,True
Ahmed Khan,ahmed.khan140@example.com,Faisalabad,Pakistan,2025-06-11,True
Zainab Raza,zainab.raza141@example.com,Rawalpindi,Pakistan,2023-12-17,True
Usman Sheikh,usman.sheikh142@example.com,Peshawar,Pakistan,2024-12-28,True
Ayesha Aslam,ayesha.aslam143@example.com,Lahore,Pakistan,2025-06-29,True
Bilal Farooq,bilal.farooq144@example.com,Peshawar,Pakistan,2024-04-14,False
Ayesha Iqbal,ayesha.iqbal145@example.com,Islamabad,Pakistan,2026-03-25,True
Hira Shah,hira.shah146@example.com,Multan,Pakistan,2024-05-17,True
Ayesha Malik,ayesha.malik147@example.com,Quetta,Pakistan,2024-08-17,False
Bilal Khan,bilal.khan148@example.com,Quetta,Pakistan,2025-01-11,True
Zainab Raza,zainab.raza149@example.com,Peshawar,Pakistan,2025-07-06,True
Ali Iqbal,ali.iqbal150@example.com,Peshawar,Pakistan,2025-12-13,True
Sara Khan,sara.khan151@example.com,Multan,Pakistan,2025-12-29,True
Ayesha Shah,ayesha.shah152@example.com,Lahore,Pakistan,2024-06-02,True
Zainab Khan,zainab.khan153@example.com,Lahore,Pakistan,2024-11-01,True
Fatima Aslam,fatima.aslam154@example.com,Rawalpindi,Pakistan,2026-02-14,True
Ahmed Farooq,ahmed.farooq155@example.com,Quetta,Pakistan,2025-07-20,True
Usman Khan,usman.khan156@example.com,Rawalpindi,Pakistan,2026-06-28,True
Zainab Raza,zainab.raza157@example.com,Quetta,Pakistan,2026-06-22,True
Ahmed Aslam,ahmed.aslam158@example.com,Peshawar,Pakistan,2025-06-24,True
Bilal Iqbal,bilal.iqbal159@example.com,Quetta,Pakistan,2025-05-11,True
Zainab Malik,zainab.malik160@example.com,Rawalpindi,Pakistan,2024-07-15,True
Zainab Chaudhry,zainab.chaudhry161@example.com,Rawalpindi,Pakistan,2024-10-18,True
Fatima Shah,fatima.shah162@example.com,Lahore,Pakistan,2026-04-22,False
Hira Farooq,hira.farooq163@example.com,Rawalpindi,Pakistan,2026-08-09,True
Usman Chaudhry,usman.chaudhry164@example.com,Faisalabad,Pakistan,2025-02-08,True
Zainab Khan,zainab.khan165@example.com,Multan,Pakistan,2024-05-25,True
Ayesha Sheikh,ayesha.sheikh166@example.com,Peshawar,Pakistan,2024-01-04,True
Fatima Butt,fatima.butt167@example.com,Islamabad,Pakistan,2023-12-05,True
Fatima Khan,fatima.khan168@example.com,Islamabad,Pakistan,2024-02-04,True
Bilal Aslam,bilal.aslam169@example.com,Karachi,Pakistan,2026-06-02,False
Usman Khan,usman.khan170@example.com,Karachi,Pakistan,2026-02-19,True
Sara Chaudhry,sara.chaudhry171@example.com,Faisalabad,Pakistan,2024-10-15,True
Bilal Iqbal,bilal.iqbal172@example.com,Quetta,Pakistan,2026-01-07,True
Usman Farooq,usman.farooq173@example.com,Quetta,Pakistan,2026-02-27,True
Hassan Aslam,hassan.aslam174@example.com,Lahore,Pakistan,2026-03-22,True
Ayesha Khan,ayesha.khan175@example.com,Multan,Pakistan,2024-12-10,True
Ali Iqbal,ali.iqbal176@example.com,Karachi,Pakistan,2024-08-05,False
Usman Malik,usman.malik177@example.com,Islamabad,Pakistan,2025-12-29,True
Ayesha Farooq,ayesha.farooq178@example.com,Peshawar,Pakistan,2024-06-17,True
Sara Sheikh,sara.sheikh179@example.com,Quetta,Pakistan,2025-11-18,True
Zainab Butt,zainab.butt180@example.com,Peshawar,Pakistan,2025-08-21,True
Hira Sheikh,hira.sheikh181@example.com,Quetta,Pakistan,2025-04-02,True
Bilal Shah,bilal.shah182@example.com,Karachi,Pakistan,2025-06-29,True
Sara Farooq,sara.farooq183@example.com,Peshawar,Pakistan,2026-05-04,True
Ahmed Shah,ahmed.shah184@example.com,Islamabad,Pakistan,2025-03-25,True
Ali Iqbal,ali.iqbal185@example.com,Karachi,Pakistan,2026-07-02,True
Zainab Butt,zainab.butt186@example.com,Quetta,Pakistan,2024-06-08,True
Hassan Farooq,hassan.farooq187@example.com,Islamabad,Pakistan,2026-05-13,True
Ali Sheikh,ali.sheikh188@example.com,Karachi,Pakistan,2025-05-27,True
Hassan Aslam,hassan.aslam189@example.com,Karachi,Pakistan,2025-08-17,False
Sara Sheikh,sara.sheikh190@example.com,Karachi,Pakistan,2024-04-10,False
Zainab Iqbal,zainab.iqbal191@example.com,Karachi,Pakistan,2026-07-09,False
Ahmed Iqbal,ahmed.iqbal192@example.com,Lahore,Pakistan,2023-12-13,True
Hira Malik,hira.malik193@example.com,Karachi,Pakistan,2025-12-19,True
Ayesha Malik,ayesha.malik194@example.com,Rawalpindi,Pakistan,2025-10-06,False
Sara Shah,sara.shah195@example.com,Rawalpindi,Pakistan,2025-04-17,False
Fatima Chaudhry,fatima.chaudhry196@example.com,Lahore,Pakistan,2025-08-04,True
Fatima Butt,fatima.butt197@example.com,Multan,Pakistan,2024-08-12,False
Fatima Iqbal,fatima.iqbal198@example.com,Lahore,Pakistan,2025-08-18,False
Hira Raza,hira.raza199@example.com,Faisalabad,Pakistan,2026-06-21,True
Ahmed Farooq,ahmed.farooq200@example.com,Karachi,Pakistan,2025-05-06,True
Ahmed Iqbal,ahmed.iqbal201@example.com,Rawalpindi,Pakistan,2024-08-20,True
Sara Chaudhry,sara.chaudhry202@example.com,Quetta,Pakistan,2025-07-27,True
Sara Sheikh,sara.sheikh203@example.com,Faisalabad,Pakistan,2025-06-28,True
Ali Shah,ali.shah204@example.com,Quetta,Pakistan,2024-09-01,True
Ayesha Khan,ayesha.khan205@example.com,Peshawar,Pakistan,2026-04-05,True
Bilal Shah,bilal.shah206@example.com,Rawalpindi,Pakistan,2024-01-10,True
Ali Iqbal,ali.iqbal207@example.com,Quetta,Pakistan,2024-08-11,True
Fatima Iqbal,fatima.iqbal208@example.com,Karachi,Pakistan,2026-08-10,True
Sara Malik,sara.malik209@example.com,Faisalabad,Pakistan,2026-06-03,True
Hira Butt,hira.butt210@example.com,Peshawar,Pakistan,2026-01-13,True
Bilal Farooq,bilal.farooq211@example.com,Multan,Pakistan,2026-05-16,False
Hira Raza,hira.raza212@example.com,Peshawar,Pakistan,2024-02-02,True
Ali Shah,ali.shah213@example.com,Multan,Pakistan,2025-07-19,True
Usman Malik,usman.malik214@example.com,Lahore,Pakistan,2026-05-16,True
Ahmed Khan,ahmed.khan215@example.com,Karachi,Pakistan,2024-07-24,True
Zainab Khan,zainab.khan216@example.com,Karachi,Pakistan,2025-10-14,True
Ali Malik,ali.malik217@example.com,Islamabad,Pakistan,2024-12-26,True
Hassan Khan,hassan.khan218@example.com,Karachi,Pakistan,2025-11-13,True
Hassan Farooq,hassan.farooq219@example.com,Rawalpindi,Pakistan,2026-03-26,False
Zainab Malik,zainab.malik220@example.com,Quetta,Pakistan,2026-07-11,False
Ali Shah,ali.shah221@example.com,Quetta,Pakistan,2025-02-06,True
Ayesha Aslam,ayesha.aslam222@example.com,Rawalpindi,Pakistan,2026-04-20,True
Hira Farooq,hira.farooq223@example.com,Multan,Pakistan,2024-10-04,False
Ayesha Chaudhry,ayesha.chaudhry224@example.com,Quetta,Pakistan,2023-11-25,True
Zainab Malik,zainab.malik225@example.com,Rawalpindi,Pakistan,2025-01-24,False
Ali Iqbal,ali.iqbal226@example.com,Lahore,Pakistan,2023-12-30,True
Ayesha Iqbal,ayesha.iqbal227@example.com,Multan,Pakistan,2024-12-14,True
Usman Khan,usman.khan228@example.com,Peshawar,Pakistan,2025-02-10,True
Zainab Aslam,zainab.aslam229@example.com,Faisalabad,Pakistan,2024-06-04,True
Sara Sheikh,sara.sheikh230@example.com,Islamabad,Pakistan,2025-01-23,True
Hira Sheikh,hira.sheikh231@example.com,Islamabad,Pakistan,2024-11-16,True
Ahmed Raza,ahmed.raza232@example.com,Rawalpindi,Pakistan,2024-03-30,False
Bilal Iqbal,bilal.iqbal233@example.com,Karachi,Pakistan,2025-06-06,True
Sara Farooq,sara.farooq234@example.com,Multan,Pakistan,2024-12-23,True
Hassan Shah,hassan.shah235@example.com,Peshawar,Pakistan,2026-03-23,True
Ali Aslam,ali.aslam236@example.com,Rawalpindi,Pakistan,2025-08-23,True
Hira Malik,hira.malik237@example.com,Islamabad,Pakistan,2025-01-25,False
Fatima Butt,fatima.butt238@example.com,Lahore,Pakistan,2025-10-07,True
Ali Chaudhry,ali.chaudhry239@example.com,Karachi,Pakistan,2025-02-08,True
Usman Butt,usman.butt240@example.com,Lahore,Pakistan,2026-05-14,True
Hira Butt,hira.butt241@example.com,Faisalabad,Pakistan,2026-04-10,True
Sara Butt,sara.butt242@example.com,Lahore,Pakistan,2025-04-13,True
Hassan Shah,hassan.shah243@example.com,Islamabad,Pakistan,2025-12-06,True
Zainab Iqbal,zainab.iqbal244@example.com,Rawalpindi,Pakistan,2024-06-25,True
Ali Chaudhry,ali.chaudhry245@example.com,Islamabad,Pakistan,2026-01-04,False
Hira Shah,hira.shah246@example.com,Lahore,Pakistan,2026-06-05,True
Hassan Chaudhry,hassan.chaudhry247@example.com,Karachi,Pakistan,2026-08-19,True
Sara Farooq,sara.farooq248@example.com,Karachi,Pakistan,2024-10-17,True
Bilal Butt,bilal.butt249@example.com,Lahore,Pakistan,2026-01-18,True
Bilal Sheikh,bilal.sheikh250@example.com,Multan,Pakistan,2025-01-21,True
Hassan Khan,hassan.khan251@example.com,Karachi,Pakistan,2025-11-09,True
Fatima Sheikh,fatima.sheikh252@example.com,Karachi,Pakistan,2024-01-14,True
Ali Iqbal,ali.iqbal253@example.com,Faisalabad,Pakistan,2026-07-25,True
Ahmed Malik,ahmed.malik254@example.com,Lahore,Pakistan,2024-07-25,True
Hira Malik,hira.malik255@example.com,Lahore,Pakistan,2025-04-13,True
Ayesha Sheikh,ayesha.sheikh256@example.com,Karachi,Pakistan,2025-04-17,True
Ayesha Shah,ayesha.shah257@example.com,Multan,Pakistan,2025-02-05,False
Sara Iqbal,sara.iqbal258@example.com,Islamabad,Pakistan,2024-10-20,True
Sara Iqbal,sara.iqbal259@example.com,Peshawar,Pakistan,2024-06-10,True
Sara Sheikh,sara.sheikh260@example.com,Islamabad,Pakistan,2026-04-08,False
Sara Khan,sara.khan261@example.com,Karachi,Pakistan,2025-12-04,True
Fatima Shah,fatima.shah262@example.com,Rawalpindi,Pakistan,2026-01-21,True
Fatima Shah,fatima.shah263@example.com,Multan,Pakistan,2024-06-17,True
Zainab Butt,zainab.butt264@example.com,Faisalabad,Pakistan,2026-07-15,False
Ayesha Malik,ayesha.malik265@example.com,Quetta,Pakistan,2024-11-29,True
Zainab Raza,zainab.raza266@example.com,Lahore,Pakistan,2024-09-16,True
Usman Iqbal,usman.iqbal267@example.com,Karachi,Pakistan,2025-12-19,True
Usman Chaudhry,usman.chaudhry268@example.com,Islamabad,Pakistan,2026-01-07,True
Usman Malik,usman.malik269@example.com,Quetta,Pakistan,2024-10-25,True
Hassan Khan,hassan.khan270@example.com,Rawalpindi,Pakistan,2024-01-23,False
Bilal Raza,bilal.raza271@example.com,Multan,Pakistan,2024-03-16,True
Ayesha Aslam,ayesha.aslam272@example.com,Multan,Pakistan,2026-02-14,True
Ahmed Raza,ahmed.raza273@example.com,Lahore,Pakistan,2025-08-28,True
Ayesha Aslam,ayesha.aslam274@example.com,Rawalpindi,Pakistan,2024-03-09,True
Ali Sheikh,ali.sheikh275@example.com,Rawalpindi,Pakistan,2024-05-08,True
Zainab Chaudhry,zainab.chaudhry276@example.com,Multan,Pakistan,2025-02-18,True
Usman Chaudhry,usman.chaudhry277@example.com,Rawalpindi,Pakistan,2026-05-08,True
Ali Farooq,ali.farooq278@example.com,Rawalpindi,Pakistan,2024-05-05,False
Hassan Raza,hassan.raza279@example.com,Peshawar,Pakistan,2025-07-12,True
Ahmed Shah,ahmed.shah280@example.com,Peshawar,Pakistan,2026-08-03,True
Ayesha Iqbal,ayesha.iqbal281@example.com,Lahore,Pakistan,2025-04-13,True
Ayesha Khan,ayesha.khan282@example.com,Rawalpindi,Pakistan,2025-12-18,True
Fatima Malik,fatima.malik283@example.com,Quetta,Pakistan,2026-03-14,False
Zainab Raza,zainab.raza284@example.com,Quetta,Pakistan,2024-12-06,True
Hira Farooq,hira.farooq285@example.com,Islamabad,Pakistan,2024-02-06,True
Hira Chaudhry,hira.chaudhry286@example.com,Quetta,Pakistan,2024-05-15,True
Sara Shah,sara.shah287@example.com,Islamabad,Pakistan,2024-07-27,True
Ahmed Shah,ahmed.shah288@example.com,Islamabad,Pakistan,2025-07-19,True
Ahmed Raza,ahmed.raza289@example.com,Lahore,Pakistan,2025-01-13,True
Zainab Khan,zainab.khan290@example.com,Quetta,Pakistan,2024-03-20,True
Ali Shah,ali.shah291@example.com,Karachi,Pakistan,2025-04-05,True
Ayesha Chaudhry,ayesha.chaudhry292@example.com,Islamabad,Pakistan,2025-08-13,True
Ayesha Khan,ayesha.khan293@example.com,Quetta,Pakistan,2024-12-31,True
Hira Farooq,hira.farooq294@example.com,Faisalabad,Pakistan,2025-06-27,True
Sara Butt,sara.butt295@example.com,Lahore,Pakistan,2026-05-07,True
Usman Iqbal,usman.iqbal296@example.com,Islamabad,Pakistan,2025-05-22,True
Hassan Iqbal,hassan.iqbal297@example.com,Peshawar,Pakistan,2025-09-09,True
Hira Aslam,hira.aslam298@example.com,Karachi,Pakistan,2024-05-20,True
Ayesha Raza,ayesha.raza299@example.com,Faisalabad,Pakistan,2024-05-27,False
Sara Khan,sara.khan300@example.com,Quetta,Pakistan,2025-05-05,False
Bilal Iqbal,bilal.iqbal301@example.com,Multan,Pakistan,2025-11-10,True
Zainab Malik,zainab.malik302@example.com,Multan,Pakistan,2025-07-11,False
Hassan Shah,hassan.shah303@example.com,Faisalabad,Pakistan,2026-06-06,True
Sara Khan,sara.khan304@example.com,Multan,Pakistan,2025-01-27,True
Fatima Iqbal,fatima.iqbal305@example.com,Peshawar,Pakistan,2025-08-31,True
Ayesha Farooq,ayesha.farooq306@example.com,Rawalpindi,Pakistan,2025-09-20,True
Ali Iqbal,ali.iqbal307@example.com,Peshawar,Pakistan,2025-01-26,True
Ali Iqbal,ali.iqbal308@example.com,Lahore,Pakistan,2024-08-27,True
Zainab Raza,zainab.raza309@example.com,Rawalpindi,Pakistan,2025-03-20,True
Hassan Farooq,hassan.farooq310@example.com,Rawalpindi,Pakistan,2026-04-01,True
Sara Shah,sara.shah311@example.com,Quetta,Pakistan,2025-05-17,True
Ahmed Malik,ahmed.malik312@example.com,Rawalpindi,Pakistan,2024-10-13,True
Ayesha Aslam,ayesha.aslam313@example.com,Faisalabad,Pakistan,2025-03-18,False
Bilal Khan,bilal.khan314@example.com,Quetta,Pakistan,2024-07-29,True
Zainab Iqbal,zainab.iqbal315@example.com,Islamabad,Pakistan,2024-02-03,True
Hira Khan,hira.khan316@example.com,Islamabad,Pakistan,2023-12-23,True
Usman Aslam,usman.aslam317@example.com,Lahore,Pakistan,2026-02-28,True
Ayesha Aslam,ayesha.aslam318@example.com,Quetta,Pakistan,2025-01-19,True
Hira Chaudhry,hira.chaudhry319@example.com,Islamabad,Pakistan,2025-03-20,False
Ali Shah,ali.shah320@example.com,Multan,Pakistan,2025-01-29,False
Sara Raza,sara.raza321@example.com,Karachi,Pakistan,2024-09-07,True
Sara Farooq,sara.farooq322@example.com,Lahore,Pakistan,2026-08-15,True
Ali Aslam,ali.aslam323@example.com,Quetta,Pakistan,2025-10-10,True
Hira Malik,hira.malik324@example.com,Quetta,Pakistan,2024-11-20,False
Ali Khan,ali.khan325@example.com,Multan,Pakistan,2024-04-28,True
Ayesha Farooq,ayesha.farooq326@example.com,Islamabad,Pakistan,2025-10-16,True
Bilal Shah,bilal.shah327@example.com,Karachi,Pakistan,2026-04-17,True
Bilal Chaudhry,bilal.chaudhry328@example.com,Quetta,Pakistan,2024-06-10,True
Sara Farooq,sara.farooq329@example.com,Rawalpindi,Pakistan,2026-07-31,True
Ahmed Iqbal,ahmed.iqbal330@example.com,Rawalpindi,Pakistan,2025-09-04,True
Ahmed Aslam,ahmed.aslam331@example.com,Lahore,Pakistan,2025-06-06,False
Sara Khan,sara.khan332@example.com,Peshawar,Pakistan,2024-08-31,False
Hassan Chaudhry,hassan.chaudhry333@example.com,Lahore,Pakistan,2025-10-18,True
Fatima Butt,fatima.butt334@example.com,Islamabad,Pakistan,2026-07-07,True
Usman Khan,usman.khan335@example.com,Quetta,Pakistan,2024-06-02,True
Hassan Iqbal,hassan.iqbal336@example.com,Rawalpindi,Pakistan,2026-04-29,False
Hassan Shah,hassan.shah337@example.com,Islamabad,Pakistan,2025-03-14,True
Hira Aslam,hira.aslam338@example.com,Karachi,Pakistan,2026-07-19,True
Fatima Khan,fatima.khan339@example.com,Lahore,Pakistan,2024-11-20,False
Fatima Malik,fatima.malik340@example.com,Rawalpindi,Pakistan,2025-05-17,True
Sara Shah,sara.shah341@example.com,Karachi,Pakistan,2025-02-06,True
Ali Khan,ali.khan342@example.com,Peshawar,Pakistan,2025-05-16,False
Zainab Chaudhry,zainab.chaudhry343@example.com,Quetta,Pakistan,2026-06-30,False
Ayesha Aslam,ayesha.aslam344@example.com,Lahore,Pakistan,2024-11-17,True
Ayesha Sheikh,ayesha.sheikh345@example.com,Quetta,Pakistan,2026-01-12,True
Sara Sheikh,sara.sheikh346@example.com,Quetta,Pakistan,2025-09-04,True
Zainab Malik,zainab.malik347@example.com,Faisalabad,Pakistan,2024-05-23,True
Hassan Iqbal,hassan.iqbal348@example.com,Multan,Pakistan,2025-06-17,True
Sara Farooq,sara.farooq349@example.com,Lahore,Pakistan,2025-10-20,True
Fatima Chaudhry,fatima.chaudhry350@example.com,Peshawar,Pakistan,2026-08-12,True
Zainab Malik,zainab.malik351@example.com,Quetta,Pakistan,2024-11-18,True
Fatima Sheikh,fatima.sheikh352@example.com,Faisalabad,Pakistan,2026-08-08,True
Hassan Aslam,hassan.aslam353@example.com,Lahore,Pakistan,2024-02-11,True
Ahmed Chaudhry,ahmed.chaudhry354@example.com,Karachi,Pakistan,2024-11-07,True
Usman Iqbal,usman.iqbal355@example.com,Islamabad,Pakistan,2025-01-02,True
Hassan Khan,hassan.khan356@example.com,Karachi,Pakistan,2025-10-22,True
Ali Aslam,ali.aslam357@example.com,Quetta,Pakistan,2024-10-01,True
Bilal Chaudhry,bilal.chaudhry358@example.com,Quetta,Pakistan,2026-03-31,True
Bilal Shah,bilal.shah359@example.com,Quetta,Pakistan,2025-10-26,True
Hassan Sheikh,hassan.sheikh360@example.com,Multan,Pakistan,2024-06-23,True
Zainab Malik,zainab.malik361@example.com,Lahore,Pakistan,2024-02-13,True
Ayesha Malik,ayesha.malik362@example.com,Multan,Pakistan,2026-08-09,True
Bilal Iqbal,bilal.iqbal363@example.com,Lahore,Pakistan,2025-07-17,True
Hassan Sheikh,hassan.sheikh364@example.com,Islamabad,Pakistan,2024-06-16,True
Usman Malik,usman.malik365@example.com,Peshawar,Pakistan,2024-03-31,True
Ahmed Sheikh,ahmed.sheikh366@example.com,Karachi,Pakistan,2026-03-10,True
Ayesha Chaudhry,ayesha.chaudhry367@example.com,Quetta,Pakistan,2025-07-03,True
Ayesha Aslam,ayesha.aslam368@example.com,Karachi,Pakistan,2026-08-03,True
Sara Malik,sara.malik369@example.com,Islamabad,Pakistan,2024-04-11,False
Hira Sheikh,hira.sheikh370@example.com,Islamabad,Pakistan,2024-02-15,True
Sara Aslam,sara.aslam371@example.com,Islamabad,Pakistan,2025-09-16,True
Ayesha Farooq,ayesha.farooq372@example.com,Islamabad,Pakistan,2024-07-04,True
Ahmed Chaudhry,ahmed.chaudhry373@example.com,Islamabad,Pakistan,2026-04-11,True
Ahmed Aslam,ahmed.aslam374@example.com,Karachi,Pakistan,2024-12-04,True
Fatima Raza,fatima.raza375@example.com,Quetta,Pakistan,2024-11-22,True
Sara Aslam,sara.aslam376@example.com,Quetta,Pakistan,2024-12-26,True
Hassan Chaudhry,hassan.chaudhry377@example.com,Multan,Pakistan,2026-04-16,False
Zainab Chaudhry,zainab.chaudhry378@example.com,Faisalabad,Pakistan,2025-05-28,False
Usman Sheikh,usman.sheikh379@example.com,Multan,Pakistan,2024-12-31,True
Zainab Butt,zainab.butt380@example.com,Islamabad,Pakistan,2024-11-18,True
Hassan Sheikh,hassan.sheikh381@example.com,Karachi,Pakistan,2026-01-06,True
Usman Khan,usman.khan382@example.com,Karachi,Pakistan,2024-11-14,True
Sara Shah,sara.shah383@example.com,Quetta,Pakistan,2025-09-18,True
Fatima Chaudhry,fatima.chaudhry384@example.com,Lahore,Pakistan,2025-11-28,False
Hira Chaudhry,hira.chaudhry385@example.com,Faisalabad,Pakistan,2025-03-30,True
Sara Khan,sara.khan386@example.com,Karachi,Pakistan,2026-01-30,True
Hira Chaudhry,hira.chaudhry387@example.com,Multan,Pakistan,2024-09-19,True
Hira Khan,hira.khan388@example.com,Rawalpindi,Pakistan,2025-11-15,True
Ali Raza,ali.raza389@example.com,Rawalpindi,Pakistan,2025-11-28,True
Ayesha Aslam,ayesha.aslam390@example.com,Islamabad,Pakistan,2024-06-23,True
Bilal Khan,bilal.khan391@example.com,Multan,Pakistan,2025-02-02,True
Ahmed Butt,ahmed.butt392@example.com,Lahore,Pakistan,2026-08-20,True
Fatima Chaudhry,fatima.chaudhry393@example.com,Lahore,Pakistan,2024-08-11,True
Ali Farooq,ali.farooq394@example.com,Faisalabad,Pakistan,2024-06-05,True
Sara Chaudhry,sara.chaudhry395@example.com,Quetta,Pakistan,2026-05-06,True
Ahmed Chaudhry,ahmed.chaudhry396@example.com,Rawalpindi,Pakistan,2026-02-10,True
Usman Khan,usman.khan397@example.com,Faisalabad,Pakistan,2023-12-08,True
Sara Sheikh,sara.sheikh398@example.com,Multan,Pakistan,2026-05-15,True
Usman Khan,usman.khan399@example.com,Karachi,Pakistan,2026-03-05,True
Hira Butt,hira.butt400@example.com,Karachi,Pakistan,2024-12-03,True
Ayesha Aslam,ayesha.aslam401@example.com,Islamabad,Pakistan,2025-12-14,True
Zainab Shah,zainab.shah402@example.com,Multan,Pakistan,2024-03-12,True
Ayesha Sheikh,ayesha.sheikh403@example.com,Quetta,Pakistan,2024-05-19,False
Fatima Farooq,fatima.farooq404@example.com,Peshawar,Pakistan,2025-06-09,False
Hira Aslam,hira.aslam405@example.com,Peshawar,Pakistan,2026-06-05,True
Bilal Malik,bilal.malik406@example.com,Faisalabad,Pakistan,2024-11-03,False
Hassan Butt,hassan.butt407@example.com,Faisalabad,Pakistan,2024-03-24,True
Hira Iqbal,hira.iqbal408@example.com,Lahore,Pakistan,2025-05-30,True
Ahmed Iqbal,ahmed.iqbal409@example.com,Multan,Pakistan,2025-12-02,True
Ali Iqbal,ali.iqbal410@example.com,Faisalabad,Pakistan,2024-04-23,True
Zainab Raza,zainab.raza411@example.com,Karachi,Pakistan,2024-02-16,True
Fatima Khan,fatima.khan412@example.com,Rawalpindi,Pakistan,2023-12-13,True
Hassan Aslam,hassan.aslam413@example.com,Rawalpindi,Pakistan,2025-11-12,True
Hira Iqbal,hira.iqbal414@example.com,Multan,Pakistan,2024-04-16,True
Fatima Butt,fatima.butt415@example.com,Rawalpindi,Pakistan,2024-12-12,False
Zainab Iqbal,zainab.iqbal416@example.com,Multan,Pakistan,2024-06-19,True
Hassan Butt,hassan.butt417@example.com,Multan,Pakistan,2026-01-21,True
Hassan Butt,hassan.butt418@example.com,Faisalabad,Pakistan,2025-06-21,True
Usman Shah,usman.shah419@example.com,Karachi,Pakistan,2026-02-01,True
Ayesha Raza,ayesha.raza420@example.com,Peshawar,Pakistan,2025-09-21,True
Ayesha Chaudhry,ayesha.chaudhry421@example.com,Faisalabad,Pakistan,2026-02-05,True
Usman Raza,usman.raza422@example.com,Karachi,Pakistan,2026-01-29,True
Bilal Raza,bilal.raza423@example.com,Islamabad,Pakistan,2025-05-25,True
Sara Shah,sara.shah424@example.com,Rawalpindi,Pakistan,2024-07-20,True
Hira Khan,hira.khan425@example.com,Karachi,Pakistan,2025-08-05,True
Hassan Malik,hassan.malik426@example.com,Rawalpindi,Pakistan,2024-11-16,True
Ali Farooq,ali.farooq427@example.com,Karachi,Pakistan,2026-01-22,True
Ali Shah,ali.shah428@example.com,Lahore,Pakistan,2026-07-03,True
Ahmed Chaudhry,ahmed.chaudhry429@example.com,Lahore,Pakistan,2025-12-07,False
Hassan Malik,hassan.malik430@example.com,Rawalpindi,Pakistan,2024-05-26,False
Fatima Chaudhry,fatima.chaudhry431@example.com,Karachi,Pakistan,2023-12-10,False
Hira Iqbal,hira.iqbal432@example.com,Rawalpindi,Pakistan,2026-08-16,True
Sara Butt,sara.butt433@example.com,Lahore,Pakistan,2024-12-23,True
Fatima Chaudhry,fatima.chaudhry434@example.com,Lahore,Pakistan,2026-06-22,True
Sara Iqbal,sara.iqbal435@example.com,Rawalpindi,Pakistan,2025-08-29,True
Zainab Khan,zainab.khan436@example.com,Lahore,Pakistan,2025-03-11,True
Ayesha Malik,ayesha.malik437@example.com,Karachi,Pakistan,2025-12-21,True
Ayesha Butt,ayesha.butt438@example.com,Peshawar,Pakistan,2024-01-03,True
Ali Raza,ali.raza439@example.com,Multan,Pakistan,2024-10-06,False
Ahmed Chaudhry,ahmed.chaudhry440@example.com,Peshawar,Pakistan,2024-09-20,True
Ahmed Khan,ahmed.khan441@example.com,Lahore,Pakistan,2026-02-09,True
Hassan Shah,hassan.shah442@example.com,Quetta,Pakistan,2025-11-24,True
Sara Butt,sara.butt443@example.com,Faisalabad,Pakistan,2024-03-15,True
Hira Chaudhry,hira.chaudhry444@example.com,Faisalabad,Pakistan,2024-03-14,True
Ali Malik,ali.malik445@example.com,Islamabad,Pakistan,2024-01-15,True
Usman Shah,usman.shah446@example.com,Faisalabad,Pakistan,2024-06-27,False
Bilal Butt,bilal.butt447@example.com,Karachi,Pakistan,2024-05-14,True
Hira Iqbal,hira.iqbal448@example.com,Islamabad,Pakistan,2026-05-03,True
Zainab Sheikh,zainab.sheikh449@example.com,Quetta,Pakistan,2025-04-14,True
Ahmed Malik,ahmed.malik450@example.com,Karachi,Pakistan,2025-08-27,False
Zainab Sheikh,zainab.sheikh451@example.com,Islamabad,Pakistan,2024-10-11,True
Ali Sheikh,ali.sheikh452@example.com,Multan,Pakistan,2023-12-02,True
Zainab Shah,zainab.shah453@example.com,Rawalpindi,Pakistan,2026-08-03,True
Bilal Khan,bilal.khan454@example.com,Lahore,Pakistan,2025-09-26,True
Hira Aslam,hira.aslam455@example.com,Quetta,Pakistan,2025-03-05,True
Hira Khan,hira.khan456@example.com,Rawalpindi,Pakistan,2026-03-15,False
Bilal Aslam,bilal.aslam457@example.com,Quetta,Pakistan,2023-11-27,True
Ayesha Shah,ayesha.shah458@example.com,Peshawar,Pakistan,2025-07-09,True
Hira Iqbal,hira.iqbal459@example.com,Karachi,Pakistan,2024-03-01,True
Hira Raza,hira.raza460@example.com,Islamabad,Pakistan,2026-03-24,True
Ahmed Raza,ahmed.raza461@example.com,Lahore,Pakistan,2025-08-17,True
Hassan Iqbal,hassan.iqbal462@example.com,Lahore,Pakistan,2026-02-09,False
Hassan Malik,hassan.malik463@example.com,Lahore,Pakistan,2025-11-09,False
Zainab Sheikh,zainab.sheikh464@example.com,Multan,Pakistan,2025-01-29,False
Bilal Malik,bilal.malik465@example.com,Karachi,Pakistan,2026-03-31,True
Ayesha Raza,ayesha.raza466@example.com,Quetta,Pakistan,2026-02-25,True
Fatima Chaudhry,fatima.chaudhry467@example.com,Rawalpindi,Pakistan,2024-11-05,False
Sara Malik,sara.malik468@example.com,Karachi,Pakistan,2026-03-17,True
Fatima Iqbal,fatima.iqbal469@example.com,Islamabad,Pakistan,2025-08-06,True
Sara Sheikh,sara.sheikh470@example.com,Rawalpindi,Pakistan,2025-04-02,False
Hassan Khan,hassan.khan471@example.com,Islamabad,Pakistan,2026-08-10,True
Fatima Raza,fatima.raza472@example.com,Rawalpindi,Pakistan,2026-02-04,True
Ahmed Farooq,ahmed.farooq473@example.com,Lahore,Pakistan,2025-09-20,True
Usman Butt,usman.butt474@example.com,Lahore,Pakistan,2025-12-17,True
Fatima Raza,fatima.raza475@example.com,Karachi,Pakistan,2024-06-10,True
Zainab Butt,zainab.butt476@example.com,Islamabad,Pakistan,2026-05-24,True
Ayesha Chaudhry,ayesha.chaudhry477@example.com,Karachi,Pakistan,2024-08-27,True
Usman Farooq,usman.farooq478@example.com,Karachi,Pakistan,2026-04-13,True
Bilal Chaudhry,bilal.chaudhry479@example.com,Islamabad,Pakistan,2026-03-18,False
Ahmed Butt,ahmed.butt480@example.com,Quetta,Pakistan,2026-04-30,True
Zainab Khan,zainab.khan481@example.com,Quetta,Pakistan,2023-12-20,True
Sara Iqbal,sara.iqbal482@example.com,Peshawar,Pakistan,2024-07-14,True
Sara Shah,sara.shah483@example.com,Peshawar,Pakistan,2025-03-17,True
Zainab Raza,zainab.raza484@example.com,Faisalabad,Pakistan,2024-07-01,False
Sara Khan,sara.khan485@example.com,Karachi,Pakistan,2025-02-11,True
Usman Shah,usman.shah486@example.com,Peshawar,Pakistan,2026-07-12,True
Ayesha Iqbal,ayesha.iqbal487@example.com,Quetta,Pakistan,2025-01-25,True
Usman Malik,usman.malik488@example.com,Rawalpindi,Pakistan,2026-01-04,True
Bilal Chaudhry,bilal.chaudhry489@example.com,Quetta,Pakistan,2026-07-26,True
Ahmed Aslam,ahmed.aslam490@example.com,Islamabad,Pakistan,2026-03-28,True
Hassan Khan,hassan.khan491@example.com,Rawalpindi,Pakistan,2025-03-15,True
Hira Sheikh,hira.sheikh492@example.com,Karachi,Pakistan,2024-10-29,False
Zainab Malik,zainab.malik493@example.com,Rawalpindi,Pakistan,2024-08-15,True
Ahmed Raza,ahmed.raza494@example.com,Quetta,Pakistan,2024-07-31,True
Ali Iqbal,ali.iqbal495@example.com,Karachi,Pakistan,2025-04-01,False
Fatima Khan,fatima.khan496@example.com,Islamabad,Pakistan,2024-07-03,True
Ayesha Aslam,ayesha.aslam497@example.com,Multan,Pakistan,2024-08-04,True
Hassan Iqbal,hassan.iqbal498@example.com,Lahore,Pakistan,2024-06-05,True
Zainab Iqbal,zainab.iqbal499@example.com,Karachi,Pakistan,2025-01-05,True
Ahmed Shah,ahmed.shah500@example.com,Islamabad,Pakistan,2024-02-05,False
Fatima Farooq,fatima.farooq501@example.com,Karachi,Pakistan,2024-12-03,True
Hassan Sheikh,hassan.sheikh502@example.com,Islamabad,Pakistan,2024-03-02,True
Ali Chaudhry,ali.chaudhry503@example.com,Quetta,Pakistan,2024-09-27,True
Usman Shah,usman.shah504@example.com,Peshawar,Pakistan,2025-02-18,False
Usman Chaudhry,usman.chaudhry505@example.com,Faisalabad,Pakistan,2024-07-25,True
Sara Chaudhry,sara.chaudhry506@example.com,Rawalpindi,Pakistan,2026-07-20,True
Bilal Iqbal,bilal.iqbal507@example.com,Quetta,Pakistan,2026-06-20,False
Zainab Khan,zainab.khan508@example.com,Multan,Pakistan,2025-02-11,True
Usman Aslam,usman.aslam509@example.com,Multan,Pakistan,2025-12-29,True
Fatima Khan,fatima.khan510@example.com,Islamabad,Pakistan,2025-10-27,True
Ali Aslam,ali.aslam511@example.com,Rawalpindi,Pakistan,2026-03-12,False
Usman Raza,usman.raza512@example.com,Peshawar,Pakistan,2024-06-05,True
Zainab Butt,zainab.butt513@example.com,Karachi,Pakistan,2024-09-17,True
Zainab Iqbal,zainab.iqbal514@example.com,Karachi,Pakistan,2024-03-05,True
Hira Butt,hira.butt515@example.com,Multan,Pakistan,2026-01-29,True
Zainab Butt,zainab.butt516@example.com,Karachi,Pakistan,2025-07-26,False
Sara Chaudhry,sara.chaudhry517@example.com,Rawalpindi,Pakistan,2025-03-07,False
Sara Aslam,sara.aslam518@example.com,Lahore,Pakistan,2025-07-12,True
Bilal Farooq,bilal.farooq519@example.com,Faisalabad,Pakistan,2025-03-10,True
Hassan Iqbal,hassan.iqbal520@example.com,Lahore,Pakistan,2024-02-11,True
Hassan Raza,hassan.raza521@example.com,Islamabad,Pakistan,2025-08-25,True
Ali Raza,ali.raza522@example.com,Rawalpindi,Pakistan,2025-12-07,True
Zainab Malik,zainab.malik523@example.com,Rawalpindi,Pakistan,2025-07-05,True
Ayesha Raza,ayesha.raza524@example.com,Rawalpindi,Pakistan,2024-04-30,True
Zainab Sheikh,zainab.sheikh525@example.com,Quetta,Pakistan,2025-11-04,True
Ali Shah,ali.shah526@example.com,Quetta,Pakistan,2024-07-31,True
Ayesha Iqbal,ayesha.iqbal527@example.com,Multan,Pakistan,2025-08-21,True
Hira Butt,hira.butt528@example.com,Multan,Pakistan,2025-09-05,True
Usman Iqbal,usman.iqbal529@example.com,Lahore,Pakistan,2025-09-01,True
Usman Khan,usman.khan530@example.com,Peshawar,Pakistan,2026-01-25,True
Hassan Sheikh,hassan.sheikh531@example.com,Islamabad,Pakistan,2026-07-01,False
Ahmed Iqbal,ahmed.iqbal532@example.com,Faisalabad,Pakistan,2025-07-09,True
Bilal Khan,bilal.khan533@example.com,Karachi,Pakistan,2024-10-25,True
Ayesha Malik,ayesha.malik534@example.com,Islamabad,Pakistan,2025-05-12,True
Usman Aslam,usman.aslam535@example.com,Quetta,Pakistan,2025-12-19,True
Sara Farooq,sara.farooq536@example.com,Karachi,Pakistan,2026-08-11,True
Bilal Aslam,bilal.aslam537@example.com,Islamabad,Pakistan,2025-11-18,True
Hira Aslam,hira.aslam538@example.com,Lahore,Pakistan,2024-10-27,True
Sara Chaudhry,sara.chaudhry539@example.com,Islamabad,Pakistan,2026-03-31,False
Fatima Malik,fatima.malik540@example.com,Karachi,Pakistan,2026-03-19,False
Sara Chaudhry,sara.chaudhry541@example.com,Karachi,Pakistan,2024-10-05,True
Ayesha Raza,ayesha.raza542@example.com,Lahore,Pakistan,2024-11-24,True
Ahmed Shah,ahmed.shah543@example.com,Quetta,Pakistan,2025-03-29,True
Ayesha Chaudhry,ayesha.chaudhry544@example.com,Islamabad,Pakistan,2026-01-18,True
Fatima Khan,fatima.khan545@example.com,Peshawar,Pakistan,2025-03-12,True
Zainab Aslam,zainab.aslam546@example.com,Quetta,Pakistan,2025-10-08,True
Ayesha Shah,ayesha.shah547@example.com,Islamabad,Pakistan,2025-07-28,False
Sara Chaudhry,sara.chaudhry548@example.com,Lahore,Pakistan,2026-05-27,True
Sara Aslam,sara.aslam549@example.com,Peshawar,Pakistan,2024-06-28,True
Ayesha Sheikh,ayesha.sheikh550@example.com,Multan,Pakistan,2025-11-10,True
Hira Raza,hira.raza551@example.com,Lahore,Pakistan,2024-01-20,True
Hira Aslam,hira.aslam552@example.com,Rawalpindi,Pakistan,2025-01-06,True
Sara Shah,sara.shah553@example.com,Faisalabad,Pakistan,2025-11-03,True
Fatima Chaudhry,fatima.chaudhry554@example.com,Rawalpindi,Pakistan,2024-03-14,True
Ahmed Farooq,ahmed.farooq555@example.com,Karachi,Pakistan,2025-05-27,True
Ali Malik,ali.malik556@example.com,Rawalpindi,Pakistan,2025-01-13,True
Ahmed Khan,ahmed.khan557@example.com,Quetta,Pakistan,2024-10-26,False
Hira Aslam,hira.aslam558@example.com,Faisalabad,Pakistan,2025-07-25,True
Ali Sheikh,ali.sheikh559@example.com,Islamabad,Pakistan,2025-12-09,True
Ayesha Malik,ayesha.malik560@example.com,Peshawar,Pakistan,2026-05-18,False
Bilal Raza,bilal.raza561@example.com,Faisalabad,Pakistan,2025-12-24,True
Sara Sheikh,sara.sheikh562@example.com,Peshawar,Pakistan,2026-06-11,True
Hassan Aslam,hassan.aslam563@example.com,Lahore,Pakistan,2024-03-26,True
Ahmed Sheikh,ahmed.sheikh564@example.com,Faisalabad,Pakistan,2025-07-28,True
Sara Aslam,sara.aslam565@example.com,Rawalpindi,Pakistan,2024-02-28,True
Ahmed Sheikh,ahmed.sheikh566@example.com,Rawalpindi,Pakistan,2026-07-13,False
Hassan Sheikh,hassan.sheikh567@example.com,Peshawar,Pakistan,2026-02-16,True
Hira Iqbal,hira.iqbal568@example.com,Multan,Pakistan,2025-07-19,True
Fatima Aslam,fatima.aslam569@example.com,Karachi,Pakistan,2025-11-14,True
Hassan Chaudhry,hassan.chaudhry570@example.com,Karachi,Pakistan,2026-08-16,True
Zainab Chaudhry,zainab.chaudhry571@example.com,Quetta,Pakistan,2025-07-21,True
Fatima Aslam,fatima.aslam572@example.com,Rawalpindi,Pakistan,2026-05-30,True
Ahmed Shah,ahmed.shah573@example.com,Multan,Pakistan,2024-08-07,True
Fatima Malik,fatima.malik574@example.com,Multan,Pakistan,2026-05-24,True
Sara Butt,sara.butt575@example.com,Islamabad,Pakistan,2026-05-15,True
Hira Khan,hira.khan576@example.com,Peshawar,Pakistan,2025-09-02,True
Hira Chaudhry,hira.chaudhry577@example.com,Lahore,Pakistan,2024-06-30,True
Bilal Butt,bilal.butt578@example.com,Quetta,Pakistan,2025-01-10,False
Hira Farooq,hira.farooq579@example.com,Lahore,Pakistan,2025-10-17,True
Hassan Khan,hassan.khan580@example.com,Peshawar,Pakistan,2024-02-19,True
Ali Chaudhry,ali.chaudhry581@example.com,Quetta,Pakistan,2026-06-05,False
Hassan Sheikh,hassan.sheikh582@example.com,Rawalpindi,Pakistan,2024-07-03,True
Usman Malik,usman.malik583@example.com,Faisalabad,Pakistan,2026-04-10,True
Ahmed Shah,ahmed.shah584@example.com,Quetta,Pakistan,2024-11-29,True
Sara Chaudhry,sara.chaudhry585@example.com,Quetta,Pakistan,2024-04-25,True
Ayesha Malik,ayesha.malik586@example.com,Quetta,Pakistan,2026-06-16,True
Hassan Farooq,hassan.farooq587@example.com,Islamabad,Pakistan,2025-08-23,True
Ahmed Farooq,ahmed.farooq588@example.com,Lahore,Pakistan,2025-09-01,False
Bilal Raza,bilal.raza589@example.com,Rawalpindi,Pakistan,2024-12-05,True
Ahmed Chaudhry,ahmed.chaudhry590@example.com,Karachi,Pakistan,2025-07-26,True
Sara Farooq,sara.farooq591@example.com,Quetta,Pakistan,2025-08-07,True
Ahmed Farooq,ahmed.farooq592@example.com,Karachi,Pakistan,2025-04-16,True
Bilal Butt,bilal.butt593@example.com,Rawalpindi,Pakistan,2026-01-13,True
Ahmed Shah,ahmed.shah594@example.com,Islamabad,Pakistan,2025-08-04,True
Bilal Chaudhry,bilal.chaudhry595@example.com,Multan,Pakistan,2024-03-30,True
Usman Khan,usman.khan596@example.com,Faisalabad,Pakistan,2024-12-28,True
Ali Raza,ali.raza597@example.com,Faisalabad,Pakistan,2024-04-02,True
Hira Khan,hira.khan598@example.com,Lahore,Pakistan,2025-01-24,True
Ayesha Shah,ayesha.shah599@example.com,Faisalabad,Pakistan,2025-03-27,False
Ali Raza,ali.raza600@example.com,Faisalabad,Pakistan,2026-05-18,True
Ali Aslam,ali.aslam601@example.com,Rawalpindi,Pakistan,2025-01-04,True
Hira Iqbal,hira.iqbal602@example.com,Peshawar,Pakistan,2024-05-20,True
Bilal Raza,bilal.raza603@example.com,Islamabad,Pakistan,2024-09-29,True
Fatima Aslam,fatima.aslam604@example.com,Karachi,Pakistan,2025-05-28,True
Usman Iqbal,usman.iqbal605@example.com,Multan,Pakistan,2024-03-05,False
Ahmed Raza,ahmed.raza606@example.com,Faisalabad,Pakistan,2025-04-26,True
Zainab Shah,zainab.shah607@example.com,Faisalabad,Pakistan,2024-12-04,False
Zainab Butt,zainab.butt608@example.com,Faisalabad,Pakistan,2024-01-27,True
Usman Shah,usman.shah609@example.com,Rawalpindi,Pakistan,2026-01-31,False
Bilal Chaudhry,bilal.chaudhry610@example.com,Multan,Pakistan,2024-03-10,False
Hira Sheikh,hira.sheikh611@example.com,Multan,Pakistan,2025-12-18,True
Ahmed Sheikh,ahmed.sheikh612@example.com,Lahore,Pakistan,2026-01-05,True
Hira Chaudhry,hira.chaudhry613@example.com,Islamabad,Pakistan,2024-10-17,False
Ahmed Khan,ahmed.khan614@example.com,Multan,Pakistan,2025-08-15,True
Ahmed Khan,ahmed.khan615@example.com,Faisalabad,Pakistan,2025-10-15,True
Fatima Shah,fatima.shah616@example.com,Islamabad,Pakistan,2025-01-12,True
Zainab Aslam,zainab.aslam617@example.com,Karachi,Pakistan,2024-11-09,True
Usman Iqbal,usman.iqbal618@example.com,Rawalpindi,Pakistan,2026-05-05,True
Usman Iqbal,usman.iqbal619@example.com,Lahore,Pakistan,2025-12-30,True
Zainab Butt,zainab.butt620@example.com,Islamabad,Pakistan,2025-03-10,False
Usman Farooq,usman.farooq621@example.com,Islamabad,Pakistan,2026-06-19,True
Ahmed Sheikh,ahmed.sheikh622@example.com,Karachi,Pakistan,2025-02-09,True
Hira Aslam,hira.aslam623@example.com,Faisalabad,Pakistan,2024-06-27,True
Hassan Chaudhry,hassan.chaudhry624@example.com,Rawalpindi,Pakistan,2025-07-06,True
Hassan Aslam,hassan.aslam625@example.com,Rawalpindi,Pakistan,2024-08-14,True
Zainab Sheikh,zainab.sheikh626@example.com,Islamabad,Pakistan,2025-09-07,True
Ali Butt,ali.butt627@example.com,Islamabad,Pakistan,2026-01-27,True
Sara Raza,sara.raza628@example.com,Quetta,Pakistan,2025-03-20,True
Bilal Butt,bilal.butt629@example.com,Multan,Pakistan,2026-02-02,True
Sara Aslam,sara.aslam630@example.com,Faisalabad,Pakistan,2024-06-13,False
Ali Chaudhry,ali.chaudhry631@example.com,Rawalpindi,Pakistan,2024-07-12,True
Bilal Aslam,bilal.aslam632@example.com,Multan,Pakistan,2026-01-14,True
Hassan Chaudhry,hassan.chaudhry633@example.com,Multan,Pakistan,2024-11-26,True
Ali Shah,ali.shah634@example.com,Faisalabad,Pakistan,2026-08-06,True
Hassan Shah,hassan.shah635@example.com,Faisalabad,Pakistan,2024-09-28,True
Sara Sheikh,sara.sheikh636@example.com,Multan,Pakistan,2023-12-10,True
Zainab Butt,zainab.butt637@example.com,Peshawar,Pakistan,2024-02-03,True
Ayesha Farooq,ayesha.farooq638@example.com,Lahore,Pakistan,2024-07-09,True
Ahmed Chaudhry,ahmed.chaudhry639@example.com,Islamabad,Pakistan,2025-09-09,True
Ayesha Butt,ayesha.butt640@example.com,Peshawar,Pakistan,2025-09-08,True
Zainab Chaudhry,zainab.chaudhry641@example.com,Islamabad,Pakistan,2025-09-04,True
Ayesha Butt,ayesha.butt642@example.com,Peshawar,Pakistan,2024-01-16,True
Ahmed Malik,ahmed.malik643@example.com,Islamabad,Pakistan,2024-03-02,True
Sara Iqbal,sara.iqbal644@example.com,Faisalabad,Pakistan,2025-06-30,True
Ali Chaudhry,ali.chaudhry645@example.com,Islamabad,Pakistan,2025-05-07,True
Ayesha Khan,ayesha.khan646@example.com,Rawalpindi,Pakistan,2025-08-02,False
Sara Sheikh,sara.sheikh647@example.com,Faisalabad,Pakistan,2025-06-22,True
Ayesha Malik,ayesha.malik648@example.com,Quetta,Pakistan,2025-06-09,False
Ahmed Farooq,ahmed.farooq649@example.com,Faisalabad,Pakistan,2025-12-18,True
Ali Raza,ali.raza650@example.com,Islamabad,Pakistan,2026-06-07,True
Fatima Chaudhry,fatima.chaudhry651@example.com,Rawalpindi,Pakistan,2025-10-27,True
Fatima Aslam,fatima.aslam652@example.com,Quetta,Pakistan,2024-11-02,True
Ayesha Chaudhry,ayesha.chaudhry653@example.com,Rawalpindi,Pakistan,2026-03-14,True
Ahmed Khan,ahmed.khan654@example.com,Islamabad,Pakistan,2024-02-29,True
Sara Shah,sara.shah655@example.com,Quetta,Pakistan,2026-05-03,True
Ayesha Farooq,ayesha.farooq656@example.com,Multan,Pakistan,2026-03-23,True
Bilal Sheikh,bilal.sheikh657@example.com,Quetta,Pakistan,2024-09-18,True
Bilal Aslam,bilal.aslam658@example.com,Karachi,Pakistan,2024-07-23,True
Hira Khan,hira.khan659@example.com,Faisalabad,Pakistan,2025-12-06,False
Fatima Shah,fatima.shah660@example.com,Quetta,Pakistan,2024-04-12,False
Ahmed Shah,ahmed.shah661@example.com,Quetta,Pakistan,2025-06-11,True
Ayesha Aslam,ayesha.aslam662@example.com,Multan,Pakistan,2024-12-25,True
Bilal Shah,bilal.shah663@example.com,Islamabad,Pakistan,2024-11-20,True
Bilal Khan,bilal.khan664@example.com,Multan,Pakistan,2026-06-08,False
Fatima Sheikh,fatima.sheikh665@example.com,Multan,Pakistan,2025-06-14,True
Hira Malik,hira.malik666@example.com,Quetta,Pakistan,2024-08-16,True
Hassan Iqbal,hassan.iqbal667@example.com,Multan,Pakistan,2025-08-06,True
Usman Chaudhry,usman.chaudhry668@example.com,Faisalabad,Pakistan,2024-12-31,False
Hassan Sheikh,hassan.sheikh669@example.com,Peshawar,Pakistan,2024-02-24,True
Bilal Farooq,bilal.farooq670@example.com,Karachi,Pakistan,2024-11-27,True
Sara Shah,sara.shah671@example.com,Faisalabad,Pakistan,2025-09-11,True
Hassan Sheikh,hassan.sheikh672@example.com,Faisalabad,Pakistan,2026-04-29,False
Bilal Khan,bilal.khan673@example.com,Peshawar,Pakistan,2025-06-14,True
Hassan Butt,hassan.butt674@example.com,Lahore,Pakistan,2024-03-12,True
Sara Khan,sara.khan675@example.com,Karachi,Pakistan,2025-10-23,True
Sara Aslam,sara.aslam676@example.com,Quetta,Pakistan,2026-02-24,False
Fatima Malik,fatima.malik677@example.com,Islamabad,Pakistan,2025-09-20,True
Zainab Sheikh,zainab.sheikh678@example.com,Faisalabad,Pakistan,2025-05-09,True
Ali Farooq,ali.farooq679@example.com,Faisalabad,Pakistan,2026-05-27,True
Hassan Sheikh,hassan.sheikh680@example.com,Islamabad,Pakistan,2025-02-14,True
Sara Raza,sara.raza681@example.com,Islamabad,Pakistan,2024-09-10,True
Fatima Sheikh,fatima.sheikh682@example.com,Quetta,Pakistan,2025-08-28,True
Hira Sheikh,hira.sheikh683@example.com,Lahore,Pakistan,2026-07-24,False
Fatima Chaudhry,fatima.chaudhry684@example.com,Multan,Pakistan,2024-01-13,True
Bilal Butt,bilal.butt685@example.com,Quetta,Pakistan,2026-03-23,True
Usman Sheikh,usman.sheikh686@example.com,Multan,Pakistan,2024-07-13,True
Zainab Aslam,zainab.aslam687@example.com,Rawalpindi,Pakistan,2026-06-01,True
Ali Raza,ali.raza688@example.com,Faisalabad,Pakistan,2024-05-06,True
Sara Iqbal,sara.iqbal689@example.com,Peshawar,Pakistan,2025-09-08,True
Ayesha Farooq,ayesha.farooq690@example.com,Peshawar,Pakistan,2026-03-11,True
Fatima Farooq,fatima.farooq691@example.com,Faisalabad,Pakistan,2024-08-07,True
Ayesha Aslam,ayesha.aslam692@example.com,Rawalpindi,Pakistan,2024-11-29,False
Sara Khan,sara.khan693@example.com,Peshawar,Pakistan,2025-11-27,True
Ali Butt,ali.butt694@example.com,Multan,Pakistan,2025-08-30,True
Usman Sheikh,usman.sheikh695@example.com,Islamabad,Pakistan,2025-09-10,True
Ahmed Sheikh,ahmed.sheikh696@example.com,Quetta,Pakistan,2024-02-19,True
Bilal Chaudhry,bilal.chaudhry697@example.com,Quetta,Pakistan,2025-10-04,True
Bilal Aslam,bilal.aslam698@example.com,Quetta,Pakistan,2024-01-26,True
Ahmed Khan,ahmed.khan699@example.com,Multan,Pakistan,2024-04-29,True
Ayesha Aslam,ayesha.aslam700@example.com,Faisalabad,Pakistan,2025-06-25,False
Fatima Khan,fatima.khan701@example.com,Multan,Pakistan,2026-02-03,True
Fatima Raza,fatima.raza702@example.com,Lahore,Pakistan,2025-10-13,True
Hassan Shah,hassan.shah703@example.com,Lahore,Pakistan,2023-12-31,True
Usman Butt,usman.butt704@example.com,Peshawar,Pakistan,2024-12-30,True
Fatima Farooq,fatima.farooq705@example.com,Quetta,Pakistan,2024-02-15,True
Usman Sheikh,usman.sheikh706@example.com,Islamabad,Pakistan,2025-08-19,True
Fatima Iqbal,fatima.iqbal707@example.com,Peshawar,Pakistan,2026-03-11,True
Ahmed Chaudhry,ahmed.chaudhry708@example.com,Peshawar,Pakistan,2024-11-24,True
Ayesha Malik,ayesha.malik709@example.com,Rawalpindi,Pakistan,2024-02-13,False
Fatima Butt,fatima.butt710@example.com,Faisalabad,Pakistan,2024-09-14,True
Ahmed Iqbal,ahmed.iqbal711@example.com,Multan,Pakistan,2024-12-28,True
Ahmed Farooq,ahmed.farooq712@example.com,Rawalpindi,Pakistan,2025-09-18,True
Ayesha Aslam,ayesha.aslam713@example.com,Karachi,Pakistan,2024-06-02,True
Hassan Shah,hassan.shah714@example.com,Karachi,Pakistan,2026-02-18,True
Hira Chaudhry,hira.chaudhry715@example.com,Peshawar,Pakistan,2025-09-03,True
Usman Khan,usman.khan716@example.com,Peshawar,Pakistan,2024-08-24,True
Ayesha Khan,ayesha.khan717@example.com,Karachi,Pakistan,2024-01-26,True
Hassan Khan,hassan.khan718@example.com,Quetta,Pakistan,2025-11-22,True
Usman Khan,usman.khan719@example.com,Multan,Pakistan,2024-12-23,True
Ali Farooq,ali.farooq720@example.com,Karachi,Pakistan,2026-03-02,True
Hira Farooq,hira.farooq721@example.com,Multan,Pakistan,2024-03-08,True
Ayesha Butt,ayesha.butt722@example.com,Islamabad,Pakistan,2025-02-27,True
Ayesha Sheikh,ayesha.sheikh723@example.com,Islamabad,Pakistan,2024-12-07,False
Ali Raza,ali.raza724@example.com,Multan,Pakistan,2025-06-01,True
Fatima Shah,fatima.shah725@example.com,Faisalabad,Pakistan,2025-11-17,True
Zainab Aslam,zainab.aslam726@example.com,Quetta,Pakistan,2026-06-27,False
Sara Chaudhry,sara.chaudhry727@example.com,Lahore,Pakistan,2024-09-14,True
Hassan Butt,hassan.butt728@example.com,Multan,Pakistan,2024-04-07,True
Sara Sheikh,sara.sheikh729@example.com,Islamabad,Pakistan,2024-08-02,True
Sara Malik,sara.malik730@example.com,Faisalabad,Pakistan,2025-02-27,True
Usman Raza,usman.raza731@example.com,Lahore,Pakistan,2024-02-09,True
Hira Butt,hira.butt732@example.com,Multan,Pakistan,2025-11-29,True
Ali Raza,ali.raza733@example.com,Quetta,Pakistan,2026-05-22,False
Usman Raza,usman.raza734@example.com,Faisalabad,Pakistan,2026-06-27,True
Zainab Iqbal,zainab.iqbal735@example.com,Karachi,Pakistan,2026-07-21,True
Hassan Aslam,hassan.aslam736@example.com,Karachi,Pakistan,2024-09-24,False
Usman Shah,usman.shah737@example.com,Faisalabad,Pakistan,2024-03-06,True
Bilal Aslam,bilal.aslam738@example.com,Islamabad,Pakistan,2026-08-11,False
Usman Sheikh,usman.sheikh739@example.com,Lahore,Pakistan,2025-06-22,True
Sara Butt,sara.butt740@example.com,Faisalabad,Pakistan,2024-05-20,True
Fatima Chaudhry,fatima.chaudhry741@example.com,Islamabad,Pakistan,2025-02-11,True
Ayesha Raza,ayesha.raza742@example.com,Quetta,Pakistan,2024-06-20,True
Zainab Farooq,zainab.farooq743@example.com,Peshawar,Pakistan,2026-06-06,False
Fatima Shah,fatima.shah744@example.com,Faisalabad,Pakistan,2025-09-05,True
Ayesha Shah,ayesha.shah745@example.com,Multan,Pakistan,2025-10-28,True
Ayesha Butt,ayesha.butt746@example.com,Faisalabad,Pakistan,2024-12-15,False
Ahmed Chaudhry,ahmed.chaudhry747@example.com,Faisalabad,Pakistan,2025-01-19,True
Fatima Shah,fatima.shah748@example.com,Rawalpindi,Pakistan,2024-06-24,True
Sara Shah,sara.shah749@example.com,Karachi,Pakistan,2026-04-19,True
Hira Shah,hira.shah750@example.com,Islamabad,Pakistan,2024-01-26,True
Ayesha Raza,ayesha.raza751@example.com,Karachi,Pakistan,2024-04-15,True
Fatima Raza,fatima.raza752@example.com,Karachi,Pakistan,2024-06-14,True
Hassan Shah,hassan.shah753@example.com,Peshawar,Pakistan,2024-09-15,False
Bilal Iqbal,bilal.iqbal754@example.com,Faisalabad,Pakistan,2023-12-28,False
Ahmed Butt,ahmed.butt755@example.com,Islamabad,Pakistan,2026-07-24,True
Usman Malik,usman.malik756@example.com,Quetta,Pakistan,2025-08-10,False
Sara Farooq,sara.farooq757@example.com,Faisalabad,Pakistan,2024-02-08,True
Fatima Chaudhry,fatima.chaudhry758@example.com,Faisalabad,Pakistan,2024-07-06,True
Hira Aslam,hira.aslam759@example.com,Multan,Pakistan,2025-01-26,True
Ayesha Chaudhry,ayesha.chaudhry760@example.com,Multan,Pakistan,2025-09-08,True
Ahmed Iqbal,ahmed.iqbal761@example.com,Multan,Pakistan,2024-10-24,True
Hassan Iqbal,hassan.iqbal762@example.com,Quetta,Pakistan,2024-07-01,True
Ayesha Aslam,ayesha.aslam763@example.com,Multan,Pakistan,2024-10-16,True
Zainab Shah,zainab.shah764@example.com,Multan,Pakistan,2023-12-19,False
Ayesha Raza,ayesha.raza765@example.com,Multan,Pakistan,2025-07-18,True
Bilal Aslam,bilal.aslam766@example.com,Multan,Pakistan,2025-08-29,True
Hassan Iqbal,hassan.iqbal767@example.com,Lahore,Pakistan,2025-11-29,True
Ali Shah,ali.shah768@example.com,Karachi,Pakistan,2025-02-18,True
Usman Iqbal,usman.iqbal769@example.com,Lahore,Pakistan,2024-09-29,False
Hira Chaudhry,hira.chaudhry770@example.com,Multan,Pakistan,2026-02-11,False
Ahmed Shah,ahmed.shah771@example.com,Lahore,Pakistan,2026-02-22,True
Fatima Farooq,fatima.farooq772@example.com,Multan,Pakistan,2025-01-14,True
Ahmed Chaudhry,ahmed.chaudhry773@example.com,Lahore,Pakistan,2025-10-04,True
Usman Aslam,usman.aslam774@example.com,Lahore,Pakistan,2025-06-29,True
Hassan Khan,hassan.khan775@example.com,Islamabad,Pakistan,2023-12-30,True
Hira Malik,hira.malik776@example.com,Karachi,Pakistan,2024-10-22,True
Sara Farooq,sara.farooq777@example.com,Lahore,Pakistan,2025-08-01,True
Ali Chaudhry,ali.chaudhry778@example.com,Rawalpindi,Pakistan,2026-01-16,True
Ali Sheikh,ali.sheikh779@example.com,Faisalabad,Pakistan,2024-10-11,False
Ali Shah,ali.shah780@example.com,Rawalpindi,Pakistan,2025-02-19,False
Bilal Aslam,bilal.aslam781@example.com,Quetta,Pakistan,2026-02-27,True
Ali Malik,ali.malik782@example.com,Lahore,Pakistan,2023-12-21,True
Hassan Iqbal,hassan.iqbal783@example.com,Multan,Pakistan,2024-03-23,True
Hira Farooq,hira.farooq784@example.com,Rawalpindi,Pakistan,2025-09-13,True
Ahmed Malik,ahmed.malik785@example.com,Multan,Pakistan,2024-01-16,True
Ali Malik,ali.malik786@example.com,Islamabad,Pakistan,2024-02-07,True
Usman Khan,usman.khan787@example.com,Multan,Pakistan,2024-09-10,False
Usman Khan,usman.khan788@example.com,Peshawar,Pakistan,2026-02-20,True
Zainab Chaudhry,zainab.chaudhry789@example.com,Islamabad,Pakistan,2026-03-06,True
Ahmed Malik,ahmed.malik790@example.com,Multan,Pakistan,2024-04-05,False
Usman Khan,usman.khan791@example.com,Karachi,Pakistan,2024-01-28,True
Ahmed Sheikh,ahmed.sheikh792@example.com,Faisalabad,Pakistan,2025-06-16,True
Ali Iqbal,ali.iqbal793@example.com,Karachi,Pakistan,2025-05-13,True
Zainab Malik,zainab.malik794@example.com,Rawalpindi,Pakistan,2025-06-06,True
Ahmed Farooq,ahmed.farooq795@example.com,Rawalpindi,Pakistan,2024-06-02,True
Usman Butt,usman.butt796@example.com,Karachi,Pakistan,2024-11-19,True
Usman Shah,usman.shah797@example.com,Lahore,Pakistan,2024-04-19,True
Usman Iqbal,usman.iqbal798@example.com,Islamabad,Pakistan,2026-01-31,True
Zainab Butt,zainab.butt799@example.com,Peshawar,Pakistan,2023-12-26,True
Ali Sheikh,ali.sheikh800@example.com,Multan,Pakistan,2025-04-11,False
Usman Raza,usman.raza801@example.com,Quetta,Pakistan,2025-11-09,False
Hassan Iqbal,hassan.iqbal802@example.com,Quetta,Pakistan,2024-01-27,False
Ahmed Chaudhry,ahmed.chaudhry803@example.com,Islamabad,Pakistan,2025-06-14,False
Usman Sheikh,usman.sheikh804@example.com,Peshawar,Pakistan,2026-04-21,True
Ali Raza,ali.raza805@example.com,Islamabad,Pakistan,2025-04-09,True
Ali Farooq,ali.farooq806@example.com,Quetta,Pakistan,2023-12-25,True
Ayesha Malik,ayesha.malik807@example.com,Karachi,Pakistan,2024-05-27,True
Usman Khan,usman.khan808@example.com,Faisalabad,Pakistan,2026-04-21,True
Bilal Sheikh,bilal.sheikh809@example.com,Karachi,Pakistan,2026-05-08,True
Bilal Sheikh,bilal.sheikh810@example.com,Faisalabad,Pakistan,2024-12-18,True
Ayesha Shah,ayesha.shah811@example.com,Rawalpindi,Pakistan,2025-07-14,False
Bilal Malik,bilal.malik812@example.com,Quetta,Pakistan,2024-12-18,True
Usman Sheikh,usman.sheikh813@example.com,Quetta,Pakistan,2025-08-16,False
Hira Sheikh,hira.sheikh814@example.com,Faisalabad,Pakistan,2026-08-15,True
Ayesha Raza,ayesha.raza815@example.com,Quetta,Pakistan,2024-12-12,True
Hira Butt,hira.butt816@example.com,Faisalabad,Pakistan,2025-06-26,True
Ayesha Khan,ayesha.khan817@example.com,Peshawar,Pakistan,2026-06-28,True
Bilal Raza,bilal.raza818@example.com,Lahore,Pakistan,2024-09-18,True
Ali Raza,ali.raza819@example.com,Islamabad,Pakistan,2025-07-07,False
Sara Sheikh,sara.sheikh820@example.com,Karachi,Pakistan,2026-06-23,True
Sara Raza,sara.raza821@example.com,Multan,Pakistan,2023-12-28,True
Usman Iqbal,usman.iqbal822@example.com,Islamabad,Pakistan,2026-03-25,True
Bilal Raza,bilal.raza823@example.com,Multan,Pakistan,2024-10-31,True
Ayesha Farooq,ayesha.farooq824@example.com,Quetta,Pakistan,2024-04-21,False
Ali Sheikh,ali.sheikh825@example.com,Rawalpindi,Pakistan,2026-02-28,True
Fatima Sheikh,fatima.sheikh826@example.com,Rawalpindi,Pakistan,2026-04-29,True
Bilal Khan,bilal.khan827@example.com,Multan,Pakistan,2026-07-09,True
Ahmed Farooq,ahmed.farooq828@example.com,Islamabad,Pakistan,2024-05-14,True
Bilal Chaudhry,bilal.chaudhry829@example.com,Rawalpindi,Pakistan,2025-07-02,False
Ali Aslam,ali.aslam830@example.com,Peshawar,Pakistan,2025-09-02,True
Sara Butt,sara.butt831@example.com,Islamabad,Pakistan,2024-03-31,True
Fatima Chaudhry,fatima.chaudhry832@example.com,Faisalabad,Pakistan,2026-08-20,True
Hira Farooq,hira.farooq833@example.com,Quetta,Pakistan,2025-12-30,False
Ayesha Malik,ayesha.malik834@example.com,Quetta,Pakistan,2026-07-21,True
Ayesha Sheikh,ayesha.sheikh835@example.com,Karachi,Pakistan,2024-11-21,False
Usman Khan,usman.khan836@example.com,Peshawar,Pakistan,2024-11-22,True
Hira Sheikh,hira.sheikh837@example.com,Rawalpindi,Pakistan,2024-12-10,False
Fatima Iqbal,fatima.iqbal838@example.com,Quetta,Pakistan,2024-08-03,True
Fatima Raza,fatima.raza839@example.com,Peshawar,Pakistan,2024-11-16,True
Bilal Khan,bilal.khan840@example.com,Islamabad,Pakistan,2024-08-01,True
Fatima Iqbal,fatima.iqbal841@example.com,Lahore,Pakistan,2026-02-18,True
Hira Chaudhry,hira.chaudhry842@example.com,Karachi,Pakistan,2025-02-01,True
Ali Aslam,ali.aslam843@example.com,Multan,Pakistan,2024-07-09,True
Zainab Butt,zainab.butt844@example.com,Rawalpindi,Pakistan,2025-04-04,False
Zainab Malik,zainab.malik845@example.com,Faisalabad,Pakistan,2024-05-26,True
Fatima Khan,fatima.khan846@example.com,Quetta,Pakistan,2025-04-08,False
Ali Malik,ali.malik847@example.com,Karachi,Pakistan,2025-07-11,False
Sara Malik,sara.malik848@example.com,Rawalpindi,Pakistan,2025-02-05,True
Hassan Sheikh,hassan.sheikh849@example.com,Islamabad,Pakistan,2025-10-29,True
Fatima Sheikh,fatima.sheikh850@example.com,Rawalpindi,Pakistan,2024-08-04,True
Zainab Raza,zainab.raza851@example.com,Rawalpindi,Pakistan,2024-06-09,True
Ayesha Butt,ayesha.butt852@example.com,Faisalabad,Pakistan,2024-08-01,True
Fatima Chaudhry,fatima.chaudhry853@example.com,Rawalpindi,Pakistan,2025-08-16,True
Ahmed Iqbal,ahmed.iqbal854@example.com,Peshawar,Pakistan,2024-07-25,False
Sara Sheikh,sara.sheikh855@example.com,Quetta,Pakistan,2025-08-17,True
Ahmed Khan,ahmed.khan856@example.com,Islamabad,Pakistan,2025-09-19,True
Ahmed Sheikh,ahmed.sheikh857@example.com,Islamabad,Pakistan,2025-09-25,False
Sara Butt,sara.butt858@example.com,Rawalpindi,Pakistan,2025-08-22,True
Fatima Iqbal,fatima.iqbal859@example.com,Islamabad,Pakistan,2024-03-15,True
Fatima Farooq,fatima.farooq860@example.com,Peshawar,Pakistan,2025-06-27,False
Hassan Shah,hassan.shah861@example.com,Lahore,Pakistan,2025-11-21,True
Sara Malik,sara.malik862@example.com,Faisalabad,Pakistan,2024-08-03,True
Hira Sheikh,hira.sheikh863@example.com,Lahore,Pakistan,2025-05-30,True
Sara Sheikh,sara.sheikh864@example.com,Islamabad,Pakistan,2026-03-14,True
Zainab Iqbal,zainab.iqbal865@example.com,Lahore,Pakistan,2024-02-24,True
Ahmed Butt,ahmed.butt866@example.com,Karachi,Pakistan,2024-05-06,False
Ahmed Sheikh,ahmed.sheikh867@example.com,Lahore,Pakistan,2025-08-28,True
Ahmed Shah,ahmed.shah868@example.com,Peshawar,Pakistan,2024-10-23,True
Ahmed Aslam,ahmed.aslam869@example.com,Islamabad,Pakistan,2025-02-10,True
Usman Iqbal,usman.iqbal870@example.com,Lahore,Pakistan,2026-07-10,True
Hassan Shah,hassan.shah871@example.com,Karachi,Pakistan,2024-01-28,True
Zainab Chaudhry,zainab.chaudhry872@example.com,Quetta,Pakistan,2025-11-29,True
Bilal Khan,bilal.khan873@example.com,Islamabad,Pakistan,2026-05-17,True
Ahmed Khan,ahmed.khan874@example.com,Quetta,Pakistan,2024-03-22,False
Ahmed Farooq,ahmed.farooq875@example.com,Quetta,Pakistan,2025-10-29,True
Ali Khan,ali.khan876@example.com,Peshawar,Pakistan,2025-02-14,False
Ali Shah,ali.shah877@example.com,Islamabad,Pakistan,2023-12-11,True
Zainab Malik,zainab.malik878@example.com,Peshawar,Pakistan,2024-04-06,True
Zainab Farooq,zainab.farooq879@example.com,Islamabad,Pakistan,2024-01-14,False
Hira Chaudhry,hira.chaudhry880@example.com,Islamabad,Pakistan,2024-09-27,False
Hassan Malik,hassan.malik881@example.com,Multan,Pakistan,2024-01-05,False
Ahmed Malik,ahmed.malik882@example.com,Faisalabad,Pakistan,2024-01-25,True
Zainab Farooq,zainab.farooq883@example.com,Lahore,Pakistan,2025-10-12,True
Fatima Raza,fatima.raza884@example.com,Rawalpindi,Pakistan,2024-04-27,True
Ali Farooq,ali.farooq885@example.com,Lahore,Pakistan,2025-12-28,True
Ayesha Farooq,ayesha.farooq886@example.com,Multan,Pakistan,2024-08-20,True
Fatima Malik,fatima.malik887@example.com,Karachi,Pakistan,2025-06-13,True
Ali Iqbal,ali.iqbal888@example.com,Rawalpindi,Pakistan,2024-12-12,False
Hira Khan,hira.khan889@example.com,Faisalabad,Pakistan,2024-05-24,False
Ali Butt,ali.butt890@example.com,Islamabad,Pakistan,2025-11-09,False
Ali Raza,ali.raza891@example.com,Rawalpindi,Pakistan,2025-10-05,False
Sara Shah,sara.shah892@example.com,Lahore,Pakistan,2025-02-02,False
Bilal Aslam,bilal.aslam893@example.com,Karachi,Pakistan,2026-01-18,True
Bilal Raza,bilal.raza894@example.com,Islamabad,Pakistan,2024-12-11,False
Sara Malik,sara.malik895@example.com,Lahore,Pakistan,2026-02-18,True
Zainab Shah,zainab.shah896@example.com,Quetta,Pakistan,2025-08-15,True
Ayesha Butt,ayesha.butt897@example.com,Lahore,Pakistan,2025-11-10,True
Ali Chaudhry,ali.chaudhry898@example.com,Faisalabad,Pakistan,2026-03-19,True
Hira Chaudhry,hira.chaudhry899@example.com,Lahore,Pakistan,2024-11-30,True
Usman Khan,usman.khan900@example.com,Rawalpindi,Pakistan,2025-05-19,False
Hira Chaudhry,hira.chaudhry901@example.com,Lahore,Pakistan,2024-09-18,True
Sara Butt,sara.butt902@example.com,Multan,Pakistan,2024-12-15,True
Fatima Raza,fatima.raza903@example.com,Islamabad,Pakistan,2023-12-11,True
Hassan Aslam,hassan.aslam904@example.com,Lahore,Pakistan,2025-01-31,True
Sara Sheikh,sara.sheikh905@example.com,Peshawar,Pakistan,2025-10-08,True
Hira Aslam,hira.aslam906@example.com,Quetta,Pakistan,2024-03-01,True
Sara Butt,sara.butt907@example.com,Lahore,Pakistan,2026-07-03,True
Fatima Sheikh,fatima.sheikh908@example.com,Karachi,Pakistan,2025-01-06,False
Bilal Farooq,bilal.farooq909@example.com,Lahore,Pakistan,2026-05-11,True
Ahmed Farooq,ahmed.farooq910@example.com,Karachi,Pakistan,2025-06-18,False
Hassan Malik,hassan.malik911@example.com,Lahore,Pakistan,2025-10-28,True
Ali Butt,ali.butt912@example.com,Peshawar,Pakistan,2024-08-29,True
Ayesha Iqbal,ayesha.iqbal913@example.com,Rawalpindi,Pakistan,2024-05-08,True
Sara Khan,sara.khan914@example.com,Lahore,Pakistan,2024-09-21,True
Sara Farooq,sara.farooq915@example.com,Quetta,Pakistan,2024-06-04,False
Fatima Raza,fatima.raza916@example.com,Rawalpindi,Pakistan,2025-01-20,True
Ayesha Khan,ayesha.khan917@example.com,Islamabad,Pakistan,2026-01-17,True
Fatima Chaudhry,fatima.chaudhry918@example.com,Karachi,Pakistan,2025-10-08,True
Hassan Aslam,hassan.aslam919@example.com,Rawalpindi,Pakistan,2025-07-25,True
Ali Khan,ali.khan920@example.com,Faisalabad,Pakistan,2026-07-10,True
Usman Sheikh,usman.sheikh921@example.com,Multan,Pakistan,2025-08-25,False
Ayesha Chaudhry,ayesha.chaudhry922@example.com,Rawalpindi,Pakistan,2025-07-05,True
Zainab Farooq,zainab.farooq923@example.com,Quetta,Pakistan,2026-02-02,True
Sara Chaudhry,sara.chaudhry924@example.com,Multan,Pakistan,2024-09-14,True
Ahmed Malik,ahmed.malik925@example.com,Karachi,Pakistan,2024-02-17,True
Bilal Malik,bilal.malik926@example.com,Lahore,Pakistan,2025-01-04,True
Hassan Farooq,hassan.farooq927@example.com,Islamabad,Pakistan,2024-11-24,True
Ayesha Sheikh,ayesha.sheikh928@example.com,Multan,Pakistan,2024-09-11,True
Zainab Shah,zainab.shah929@example.com,Quetta,Pakistan,2025-09-24,True
Usman Sheikh,usman.sheikh930@example.com,Rawalpindi,Pakistan,2025-04-28,True
Ali Shah,ali.shah931@example.com,Quetta,Pakistan,2025-04-11,True
Ayesha Raza,ayesha.raza932@example.com,Karachi,Pakistan,2026-05-23,True
Hassan Shah,hassan.shah933@example.com,Karachi,Pakistan,2025-05-15,False
Fatima Farooq,fatima.farooq934@example.com,Faisalabad,Pakistan,2024-01-22,True
Hassan Khan,hassan.khan935@example.com,Quetta,Pakistan,2026-04-14,True
Zainab Khan,zainab.khan936@example.com,Islamabad,Pakistan,2024-02-02,True
Hassan Butt,hassan.butt937@example.com,Karachi,Pakistan,2025-03-14,False
Fatima Shah,fatima.shah938@example.com,Karachi,Pakistan,2024-05-10,False
Ali Chaudhry,ali.chaudhry939@example.com,Karachi,Pakistan,2025-08-21,True
Usman Iqbal,usman.iqbal940@example.com,Islamabad,Pakistan,2024-10-25,True
Fatima Aslam,fatima.aslam941@example.com,Faisalabad,Pakistan,2024-09-13,False
Ali Raza,ali.raza942@example.com,Islamabad,Pakistan,2025-08-21,False
Usman Khan,usman.khan943@example.com,Islamabad,Pakistan,2025-11-24,True
Bilal Shah,bilal.shah944@example.com,Karachi,Pakistan,2024-09-06,True
Ayesha Sheikh,ayesha.sheikh945@example.com,Peshawar,Pakistan,2025-12-04,True
Ali Iqbal,ali.iqbal946@example.com,Peshawar,Pakistan,2024-01-07,True
Hassan Khan,hassan.khan947@example.com,Multan,Pakistan,2025-07-19,True
Hassan Shah,hassan.shah948@example.com,Faisalabad,Pakistan,2026-06-20,True
Sara Raza,sara.raza949@example.com,Karachi,Pakistan,2024-06-03,True
Sara Raza,sara.raza950@example.com,Karachi,Pakistan,2025-01-14,False
Bilal Butt,bilal.butt951@example.com,Islamabad,Pakistan,2024-06-12,True
Fatima Malik,fatima.malik952@example.com,Lahore,Pakistan,2024-11-11,True
Ali Butt,ali.butt953@example.com,Quetta,Pakistan,2026-04-11,True
Hira Sheikh,hira.sheikh954@example.com,Multan,Pakistan,2025-05-24,True
Sara Butt,sara.butt955@example.com,Peshawar,Pakistan,2025-07-16,True
Bilal Raza,bilal.raza956@example.com,Faisalabad,Pakistan,2024-10-14,False
Ali Chaudhry,ali.chaudhry957@example.com,Faisalabad,Pakistan,2024-08-10,True
Fatima Raza,fatima.raza958@example.com,Rawalpindi,Pakistan,2025-01-18,True
Zainab Iqbal,zainab.iqbal959@example.com,Faisalabad,Pakistan,2026-01-17,True
Bilal Malik,bilal.malik960@example.com,Rawalpindi,Pakistan,2024-12-20,True
Sara Khan,sara.khan961@example.com,Quetta,Pakistan,2025-10-10,False
Usman Raza,usman.raza962@example.com,Peshawar,Pakistan,2024-05-29,True
Hira Iqbal,hira.iqbal963@example.com,Quetta,Pakistan,2023-12-21,True
Ayesha Butt,ayesha.butt964@example.com,Quetta,Pakistan,2024-09-15,True
Ali Sheikh,ali.sheikh965@example.com,Islamabad,Pakistan,2026-07-17,True
Ahmed Raza,ahmed.raza966@example.com,Karachi,Pakistan,2026-02-02,True
Ahmed Sheikh,ahmed.sheikh967@example.com,Karachi,Pakistan,2026-05-29,True
Usman Farooq,usman.farooq968@example.com,Multan,Pakistan,2024-06-17,True
Ali Chaudhry,ali.chaudhry969@example.com,Karachi,Pakistan,2024-07-15,True
Ayesha Malik,ayesha.malik970@example.com,Faisalabad,Pakistan,2024-11-25,True
Usman Butt,usman.butt971@example.com,Multan,Pakistan,2024-12-25,True
Ahmed Aslam,ahmed.aslam972@example.com,Karachi,Pakistan,2025-01-11,True
Hassan Khan,hassan.khan973@example.com,Islamabad,Pakistan,2025-11-21,True
Fatima Aslam,fatima.aslam974@example.com,Quetta,Pakistan,2025-09-01,True
Fatima Shah,fatima.shah975@example.com,Peshawar,Pakistan,2025-10-26,False
Sara Butt,sara.butt976@example.com,Lahore,Pakistan,2024-01-27,True
Bilal Chaudhry,bilal.chaudhry977@example.com,Karachi,Pakistan,2024-01-28,True
Zainab Farooq,zainab.farooq978@example.com,Karachi,Pakistan,2025-11-21,True
Hira Aslam,hira.aslam979@example.com,Rawalpindi,Pakistan,2025-06-22,True
Ayesha Butt,ayesha.butt980@example.com,Lahore,Pakistan,2024-06-27,True
Zainab Shah,zainab.shah981@example.com,Peshawar,Pakistan,2024-01-11,True
Sara Malik,sara.malik982@example.com,Lahore,Pakistan,2025-10-01,True
Ayesha Khan,ayesha.khan983@example.com,Rawalpindi,Pakistan,2024-02-19,True
Ali Iqbal,ali.iqbal984@example.com,Rawalpindi,Pakistan,2024-01-19,True
Ahmed Chaudhry,ahmed.chaudhry985@example.com,Rawalpindi,Pakistan,2024-07-12,True
Hassan Malik,hassan.malik986@example.com,Rawalpindi,Pakistan,2024-09-03,True
Ahmed Iqbal,ahmed.iqbal987@example.com,Rawalpindi,Pakistan,2024-12-01,False
Hassan Iqbal,hassan.iqbal988@example.com,Peshawar,Pakistan,2024-07-05,True
Ayesha Chaudhry,ayesha.chaudhry989@example.com,Faisalabad,Pakistan,2026-01-07,True
Bilal Raza,bilal.raza990@example.com,Islamabad,Pakistan,2026-07-07,False
Fatima Aslam,fatima.aslam991@example.com,Islamabad,Pakistan,2024-02-12,False
Zainab Farooq,zainab.farooq992@example.com,Islamabad,Pakistan,2024-05-03,True
Zainab Malik,zainab.malik993@example.com,Quetta,Pakistan,2025-10-13,True
Ayesha Chaudhry,ayesha.chaudhry994@example.com,Lahore,Pakistan,2024-12-21,True
Ahmed Khan,ahmed.khan995@example.com,Rawalpindi,Pakistan,2025-09-01,False
Bilal Farooq,bilal.farooq996@example.com,Islamabad,Pakistan,2025-02-23,True
Ayesha Malik,ayesha.malik997@example.com,Faisalabad,Pakistan,2024-06-23,True
Hira Iqbal,hira.iqbal998@example.com,Rawalpindi,Pakistan,2026-08-10,False
Zainab Sheikh,zainab.sheikh999@example.com,Islamabad,Pakistan,2025-01-14,True
Ahmed Farooq,ahmed.farooq1000@example.com,Islamabad,Pakistan,2025-10-09,True
